DROP TABLE IF EXISTS `field_group_translations`;
/*!40101 SET @saved_cs_client     = @@character_set_client */;
/*!40101 SET character_set_client = utf8 */;
CREATE TABLE `field_group_translations` (
  `id` int(11) NOT NULL AUTO_INCREMENT,
  `field_group_id` int(11) NOT NULL,
  `locale` varchar(255) COLLATE utf8_unicode_ci NOT NULL,
  `created_at` datetime NOT NULL,
  `updated_at` datetime NOT NULL,
  `name` varchar(255) COLLATE utf8_unicode_ci DEFAULT NULL,
  `display_name` varchar(255) COLLATE utf8_unicode_ci DEFAULT NULL,
  `help` text COLLATE utf8_unicode_ci,
  PRIMARY KEY (`id`),
  KEY `index_field_group_translations_on_field_group_id` (`field_group_id`),
  KEY `index_field_group_translations_on_locale` (`locale`)
) ENGINE=InnoDB AUTO_INCREMENT=56 DEFAULT CHARSET=utf8 COLLATE=utf8_unicode_ci;
/*!40101 SET character_set_client = @saved_cs_client */;

--
-- Dumping data for table `field_group_translations`
--

LOCK TABLES `field_group_translations` WRITE;
/*!40000 ALTER TABLE `field_group_translations` DISABLE KEYS */;
INSERT INTO `field_group_translations` VALUES (1,3,'en','2017-08-04 04:28:11','2017-08-04 04:28:11','Barometer','Barometer','Instrument used to measure atmospheric pressure'),(2,4,'en','2017-08-04 04:28:11','2017-08-04 04:28:11','Air Temp & Humid','Temperature and Humidity of the Air','Temperature and humidity of the air '),(3,7,'en','2017-08-04 04:28:11','2017-08-04 04:28:11','Clouds','Clouds','Cloud type classification'),(4,8,'en','2017-08-04 04:28:11','2017-08-04 04:28:11','Wind','Wind','Wind measurements  '),(5,9,'en','2017-08-04 04:28:11','2017-08-04 04:28:11','Rain and Snow','Rain and Snow','Records the time and amount of rain or snow'),(6,15,'en','2017-08-04 04:28:11','2017-08-04 04:28:11','Anemometer','Anemometer','Instrument to measure wind speed'),(7,16,'en','2017-08-04 04:28:11','2017-08-04 04:28:11','Temperature Extremes','Maximum and Minimum Thermometers','The maximum and minimum thermometers are read once a day to determine the daily temperature extremes'),(8,17,'en','2017-08-04 04:28:11','2017-08-04 04:28:11','Ozone and Aurora','Ozone and Aurora','Ozone Electro-magnetic Atmospheric Phenomena'),(9,20,'en','2017-08-04 04:28:11','2017-08-04 04:28:11','Phenomena and Weather ','Phenomena and Weather ','Weather and any other atmospheric phenomena such as rainbows, haloes, or corona'),(10,24,'en','2017-08-04 04:28:11','2017-08-04 04:28:11','Phenomena and Weather 110','Phenomena and Weather','Written description of weather and other atmospheric phenomena such as rainbows, haloes, or corona'),(11,26,'en','2017-08-04 04:28:11','2017-08-04 04:28:11','Phenomena and Weather','Phenomena and Weather','Written description of weather and other atmospheric phenomena'),(12,27,'en','2017-08-04 04:28:11','2017-08-04 04:28:11','Remarks and Initials','Remarks and Initials','Any other remarks and the observer\'s initials'),(13,28,'en','2017-08-04 04:28:11','2017-08-04 04:28:11','Clouds','Clouds','Description of clouds according to 1878 one-letter standard abbreviations '),(14,30,'en','2017-08-04 04:28:11','2017-08-04 04:28:11','Temperature and Humidity','Temperature and Humidity','Air temperature and humidity of the air'),(15,31,'en','2017-08-04 04:28:11','2017-08-04 04:28:11','Weather and Phenomena','Weather and Phenomena','Written description of weather and other atmospheric phenomena'),(16,32,'en','2017-08-04 04:28:11','2017-08-04 04:28:11','Weather and Phenomena ','Weather and Phenomena ','Written description of weather and other atmospheric phenomena'),(17,33,'en','2017-08-04 04:28:11','2017-10-09 22:54:29','Anemometer/City Hall Barometer','Anemometer/City Hall Barometer','These NOT anemometer values, but are readings from a barometer kept at Montreal\'s City Hall.  These readings do NOT match the printed column headings. The last box, \"City Hall Corr. Bar\" was not always written down on the page'),(18,34,'en','2017-08-04 04:28:11','2017-08-04 04:28:11','Weather','Weather','Weather'),(19,35,'en','2017-08-04 04:28:11','2017-08-04 04:28:11','Weather and Phenomena','Weather and Phenomena','Written description of weather and other atmospheric phenomena'),(20,37,'en','2017-08-04 04:28:11','2017-08-04 04:28:11','Rain and Snow','Rain and Snow','Records the time and amount of rain and snow'),(21,38,'en','2017-08-04 04:28:11','2017-08-04 04:28:11','Temperature and Humidity','Temperature and Humidity','Temperature and Humidity.  Note that the values observed (hygrometer) and (wet and dry) are not the same as in the column headings'),(22,39,'en','2017-08-04 04:28:11','2017-08-04 04:28:11','Temperature and Humidity','Temperature and Humidity','Temperature and Humidity observations.  Note that the values recorded on the page don\'t always line up with the column headings'),(23,40,'en','2017-08-04 04:28:11','2017-08-04 04:28:11','Temperature and Humidity','Temperature and Humidity','Temperature and Humidity obsservations.  Note that the values recorded on the page don\'t always line up with the column headings'),(24,41,'en','2017-08-04 04:28:11','2017-08-04 04:28:11','Minimum and Maximum Temperature','Minimum and Maximum Temperature','Due to a misprint, the columns for page 1 were printed twice.  Here the observations don\'t line up with the printed columns.'),(25,42,'en','2017-08-04 04:28:11','2017-08-04 04:28:11','Radiative Temperatures','Radiative Temperatures','Due to a misprint, the columns for page 1 were printed twice.  Here the observations don\'t line up with the printed columns.'),(26,43,'en','2017-08-04 04:28:11','2017-08-04 04:28:11','Weather and Remarks','Weather and Remarks','Due to a misprint, the columns for page 1 were printed twice.  Here the observations don\'t line up with the printed columns.'),(27,44,'en','2017-08-04 04:28:11','2017-08-04 04:28:11','Phenomena','Phenomena',''),(28,3,'fr','2017-10-11 22:00:00','2017-10-11 22:00:00','Baromètre','Baromètre','Instrument utilisé pour mesurer la pression atmoshérique.'),(29,4,'fr','2017-10-11 22:00:00','2017-10-11 22:00:00','Température et humidité de l\'air','Température et humidité de l\'air','Température et humidité de l\'air.'),(30,7,'fr','2017-10-11 22:00:00','2017-10-11 22:00:00','Nuages','Nuages','Classification des nuages par type.'),(31,8,'fr','2017-10-11 22:00:00','2017-10-11 22:00:00','Vent ','Vent','Mesure du vent.'),(32,9,'fr','2017-10-11 22:00:00','2017-10-11 22:00:00','Pluie et neige','Pluie et neige','La date, l\'heure et la quantité de pluie ou de neige.'),(33,15,'fr','2017-10-11 22:00:00','2017-10-11 22:00:00','Anémomètre','Anémomètre','Instrument mesurant la vitesse du vent.'),(34,16,'fr','2017-10-11 22:00:00','2017-10-11 22:00:00','Extrêmes de température','Thermomètres à maximum et à minimum','Les températures maximale et minimale sont mesurées une fois par jour afin de déterminer les extrêmes de température quotidiens. '),(35,17,'fr','2017-10-11 22:00:00','2017-10-11 22:00:00','Ozone et aurore ','Ozone et aurore ','Phénomènes atmosphériques et électromagnétiques.'),(36,20,'fr','2017-10-11 22:00:00','2017-10-11 22:00:00','Phenomènes et météo','Phénomènes et météo','Météo et autres phénomènes atmosphériques tels que les arcs-en-ciel, les halos ou les couronnes solaires et lunaires. '),(37,24,'fr','2017-10-11 22:00:00','2017-10-11 22:00:00','Phenomènes et météo 110','Phénomènes et météo','Description écrite de la météo et d\'autres phénomènes atmosphériques tels que les arcs-en-ciel, les halos ou les couronnes solaires et lunaires. '),(38,26,'fr','2017-10-11 22:00:00','2017-10-11 22:00:00','Phenomènes et météo','Phénomènes et météo','Description écrite de la météo et d\'autres phénomènes atmosphériques.'),(39,27,'fr','2017-10-11 22:00:00','2017-10-11 22:00:00','Remarques et initiales ','Remarques et initiales','Toutes autres remarques accompagnées des initiales de l\'observateur.'),(40,28,'fr','2017-10-11 22:00:00','2017-10-11 22:00:00','Nuages','Nuages','Description des nuages selon les normes d\'abbréviation à une lettre de 1878. '),(41,30,'fr','2017-10-11 22:00:00','2017-10-11 22:00:00','Température et humidité','Température et humidité','Température et humidité de l\'air.'),(42,31,'fr','2017-10-11 22:00:00','2017-10-11 22:00:00','Météo et phénomènes ','Météo et phénomènes','Description écrite de la météo et d\'autres phénomènes atmosphériques.'),(43,32,'fr','2017-10-11 22:00:00','2017-10-11 22:00:00','Météo et phénomènes ','Météo et phénomènes','Description écrite de la météo et d\'autres phénomènes atmosphériques.'),(44,33,'fr','2017-10-11 22:00:00','2017-10-11 22:00:00','Anémomètre/ baromètre de l\'hôtel de ville ','Anémomètre/ baromètre de l\'hôtel de ville ','Ces données ne proviennent PAS d\'un anémomètre, mais de l\'un des baromètres de l\'hôtel de ville de Montréal. Notez donc qu\'elles ne correspondent pas aux en-têtes des colonnes. '),(45,34,'fr','2017-10-11 22:00:00','2017-10-11 22:00:00','Météo','Météo','Météo.'),(46,35,'fr','2017-10-11 22:00:00','2017-10-11 22:00:00','Météo et phénomènes ','Météo et phénomènes','Description écrite de la météo et d\'autres phénomènes atmosphériques.'),(47,37,'fr','2017-10-11 22:00:00','2017-10-11 22:00:00','Pluie et neige','Pluie et neige','La date, l\'heure et la quantité de pluie et de neige.'),(48,38,'fr','2017-10-11 22:00:00','2017-10-11 22:00:00','Température et humidité','Température et humidité','Température et humidité. Notez que les données observées (« hygromètre » et « sec et humide ») ne correspondent pas aux en-têtes des colonnes. '),(49,39,'fr','2017-10-11 22:00:00','2017-10-11 22:00:00','Température et humidité','Température et humidité','Observations liées à la température et à l\'humidité. Notez que les données ne s\'alignent pas toujours sur les en-têtes des colonnes correspondantes.'),(50,40,'fr','2017-10-11 22:00:00','2017-10-11 22:00:00','Température et humidité','Température et humidité','Observations liées à la température et à l\'humidité. Notez que les données ne s\'alignent pas toujours sur les en-têtes des colonnes correspondantes.'),(51,41,'fr','2017-10-11 22:00:00','2017-10-11 22:00:00','Températures minimale et maximale ','Températures minimale et maximale ','Les colonnes de la page 1 ont été imprimées deux fois en raison d\'une erreur typographique. Les observations ne s\'alignent donc pas sur les colonnes correspondantes. '),(52,42,'fr','2017-10-11 22:00:00','2017-10-11 22:00:00','Températures radiatives','Températures radiatives','Les colonnes de la page 1 ont été imprimées deux fois en raison d\'une erreur typographique. Les observations ne s\'alignent donc pas sur les colonnes correspondantes. '),(53,43,'fr','2017-10-11 22:00:00','2017-10-11 22:00:00','Météo et remarques ','Météo et remarques ','Les colonnes de la page 1 ont été imprimées deux fois en raison d\'une erreur typographique. Les observations ne s\'alignent donc pas sur les colonnes correspondantes. '),(54,44,'fr','2017-10-11 22:00:00','2017-10-11 22:00:00','Phénomènes ','Phénomènes ','Phénomènes.'),(55,45,'en','2018-01-15 01:50:31','2018-01-15 01:50:31','Transcriber comments','Transcriber comments','You can note down any problems, inconsistencies or issues found anywhere along this row and observation time here');
/*!40000 ALTER TABLE `field_group_translations` ENABLE KEYS */;
UNLOCK TABLES;

--
-- Table structure for table `field_groups`
--

DROP TABLE IF EXISTS `field_groups`;
/*!40101 SET @saved_cs_client     = @@character_set_client */;
/*!40101 SET character_set_client = utf8 */;
CREATE TABLE `field_groups` (
  `id` int(11) NOT NULL AUTO_INCREMENT,
  `description` varchar(255) DEFAULT NULL,
  `created_at` datetime DEFAULT NULL,
  `updated_at` datetime DEFAULT NULL,
  `colour_class` varchar(255) NOT NULL DEFAULT '',
  `internal_name` varchar(255) DEFAULT NULL,
  PRIMARY KEY (`id`)
) ENGINE=InnoDB AUTO_INCREMENT=46 DEFAULT CHARSET=utf8;
/*!40101 SET character_set_client = @saved_cs_client */;

--
-- Dumping data for table `field_groups`
--

LOCK TABLES `field_groups` WRITE;
/*!40000 ALTER TABLE `field_groups` DISABLE KEYS */;
INSERT INTO `field_groups` VALUES (3,'','2016-05-25 02:53:19','2017-06-14 15:59:50','purple-group','100-200 Barometer'),(4,'','2016-05-25 03:06:44','2017-06-14 16:01:52','green-group','100-200 Air Temp & Humid'),(7,'','2016-08-29 23:12:17','2017-06-14 16:08:05','cyan-group','110 Clouds'),(8,'','2016-09-02 15:23:44','2017-06-14 16:06:22','yellow-group','110 Wind'),(9,'','2016-09-02 15:30:20','2017-06-14 16:09:25','orange-group','100 Rain and Snow'),(15,NULL,'2017-01-18 16:05:39','2017-01-18 16:05:39','purple-group',NULL),(16,NULL,'2017-01-18 16:07:36','2017-04-25 15:29:45','orange-group',''),(17,NULL,'2017-01-18 16:11:08','2017-06-14 15:56:21','purple-group','110 Ozone and Aurora'),(20,NULL,'2017-01-18 16:55:49','2017-06-14 15:57:09','pink-group','110 Weather and Phenomena at Observation'),(24,NULL,'2017-03-01 01:07:39','2017-05-30 17:20:59','pink-group',''),(26,NULL,'2017-03-01 01:07:57','2017-04-25 15:31:16','pink-group','Phenomena and Weather 120'),(27,NULL,'2017-03-07 20:57:41','2017-04-25 15:31:34','blue-group','Remarks and Initials'),(28,NULL,'2017-03-27 18:30:52','2017-03-27 18:30:52','purple-group','Clouds 120'),(30,NULL,'2017-04-25 14:41:15','2017-05-30 16:55:43','green-group','Temperature and Humidity 130'),(31,NULL,'2017-04-25 14:45:38','2017-05-30 16:46:09','pink-group','Phenomena and Weather 130'),(32,NULL,'2017-05-02 20:12:08','2017-05-30 16:58:30','pink-group','Weather and Phenomena 140'),(33,NULL,'2017-05-02 20:24:18','2017-10-09 22:54:29','purple-group','Anemometer/City Hall Barometer'),(34,NULL,'2017-05-02 20:28:10','2017-05-02 20:30:09','pink-group','Weather 210'),(35,NULL,'2017-05-02 20:32:47','2017-05-30 17:18:58','pink-group','Weather and Phenomena 210'),(37,NULL,'2017-05-02 20:47:05','2017-05-30 17:20:24','orange-group','Rain and Snow 220'),(38,NULL,'2017-05-02 21:04:47','2017-05-02 21:04:47','green-group','Temperature and Humidity 230'),(39,NULL,'2017-05-02 21:10:33','2017-06-22 21:40:45','green-group','Temperature and Humidity 220'),(40,NULL,'2017-05-02 21:23:25','2017-05-02 21:23:25','green-group','Temperature and Humidity 240'),(41,NULL,'2017-05-02 21:48:01','2017-06-14 15:58:33','orange-group','250 Minimum and Maximum Temperature'),(42,NULL,'2017-05-02 21:49:43','2017-06-14 15:58:10','yellow-group','250 Radiative Temperatures'),(43,NULL,'2017-05-02 21:50:59','2017-06-14 15:57:47','pink-group','250 Weather and Remarks'),(44,NULL,'2017-05-02 21:55:57','2017-06-14 15:57:29','pink-group','200 Phenomena '),(45,NULL,'2018-01-15 01:50:31','2018-01-15 01:50:31','yellow-group','Transcriber comments');
/*!40000 ALTER TABLE `field_groups` ENABLE KEYS */;
UNLOCK TABLES;

--
-- Table structure for table `field_groups_fields`
--

DROP TABLE IF EXISTS `field_groups_fields`;
/*!40101 SET @saved_cs_client     = @@character_set_client */;
/*!40101 SET character_set_client = utf8 */;
CREATE TABLE `field_groups_fields` (
  `field_group_id` int(11) NOT NULL,
  `field_id` int(11) NOT NULL,
  `id` int(11) NOT NULL AUTO_INCREMENT,
  `sort_order` int(11) NOT NULL,
  PRIMARY KEY (`id`),
  KEY `index_field_groups_fields_on_field_group_id` (`field_group_id`),
  KEY `index_field_groups_fields_on_field_id` (`field_id`)
) ENGINE=InnoDB AUTO_INCREMENT=134 DEFAULT CHARSET=utf8;
/*!40101 SET character_set_client = @saved_cs_client */;

--
-- Dumping data for table `field_groups_fields`
--

LOCK TABLES `field_groups_fields` WRITE;
/*!40000 ALTER TABLE `field_groups_fields` DISABLE KEYS */;
INSERT INTO `field_groups_fields` VALUES (3,4,1,-75),(3,5,2,-75),(3,6,3,-75),(3,7,4,-75),(3,8,5,-75),(4,9,6,-75),(4,10,7,-75),(7,16,8,-75),(7,17,9,-75),(8,19,10,-75),(8,20,11,-75),(8,21,12,-75),(7,22,13,-75),(7,23,14,-75),(7,24,15,-75),(9,25,16,-75),(9,26,17,-75),(9,27,18,-75),(4,11,19,-75),(4,12,20,-75),(4,13,21,-75),(4,14,22,-75),(4,15,23,-75),(9,28,24,-75),(9,29,25,-75),(9,30,26,-75),(9,31,27,-75),(15,34,31,6291381),(15,35,32,7339957),(16,36,33,7864245),(16,37,34,8126389),(16,38,35,8257461),(16,39,36,8322997),(20,40,40,8384437),(20,18,41,8386485),(17,43,43,8388021),(17,47,44,8388277),(17,46,45,8388405),(27,44,46,8388469),(27,45,47,8388501),(26,52,48,8388517),(26,56,50,-4194377),(28,54,52,8388531),(28,17,53,8388532),(28,53,54,8388533),(28,23,55,8388534),(28,24,56,8388535),(30,9,57,8388536),(30,10,58,8388537),(30,11,59,8388538),(30,12,60,8388539),(30,13,61,8388540),(30,14,62,8388541),(30,15,63,8388542),(30,33,64,8388543),(31,41,66,8388544),(31,52,67,-5242949),(31,56,68,-6291522),(31,43,69,-4718663),(31,57,71,8388546),(32,56,72,8388547),(32,52,73,8388548),(32,43,74,8388549),(32,42,75,8388550),(32,41,76,8388551),(34,52,77,8388552),(35,56,78,8388553),(35,42,79,8388554),(35,49,80,8388555),(35,50,81,8388556),(35,51,82,8388557),(37,25,83,8388558),(37,26,84,8388559),(37,70,85,8388560),(37,27,86,8388561),(37,28,87,8388562),(37,29,88,8388563),(37,71,89,8388564),(37,30,90,8388565),(37,31,91,8388566),(39,9,92,8388567),(39,10,93,8388568),(39,11,94,8388569),(39,12,95,8388570),(39,13,96,8388571),(39,14,97,8388572),(39,15,98,8388573),(39,74,99,8388574),(38,9,100,8388575),(38,10,101,8388576),(38,11,102,8388577),(38,12,103,8388578),(38,13,104,8388579),(38,72,105,8388580),(38,73,106,8388581),(40,9,107,8388582),(40,10,108,8388583),(40,11,109,8388584),(40,12,110,8388585),(40,13,111,8388586),(40,72,113,8388587),(40,73,114,8388588),(41,76,115,8388589),(41,77,116,8388590),(41,78,117,8388591),(41,79,118,8388592),(42,63,119,8388593),(42,81,120,8388594),(43,82,121,8388595),(43,83,122,8388596),(44,65,123,8388597),(44,66,124,8388598),(44,42,125,8388599),(44,49,126,8388600),(44,50,127,8388601),(44,51,128,8388602),(33,68,129,8388603),(33,67,130,-7340065),(33,69,131,8388605),(45,84,132,8388606),(4,33,133,8388607);
/*!40000 ALTER TABLE `field_groups_fields` ENABLE KEYS */;
UNLOCK TABLES;

--
-- Table structure for table `field_option_translations`
--

DROP TABLE IF EXISTS `field_option_translations`;
/*!40101 SET @saved_cs_client     = @@character_set_client */;
/*!40101 SET character_set_client = utf8 */;
CREATE TABLE `field_option_translations` (
  `id` int(11) NOT NULL AUTO_INCREMENT,
  `field_option_id` int(11) NOT NULL,
  `locale` varchar(255) COLLATE utf8_unicode_ci NOT NULL,
  `created_at` datetime NOT NULL,
  `updated_at` datetime NOT NULL,
  `name` varchar(255) COLLATE utf8_unicode_ci DEFAULT NULL,
  `help` text COLLATE utf8_unicode_ci,
  PRIMARY KEY (`id`),
  KEY `index_field_option_translations_on_field_option_id` (`field_option_id`),
  KEY `index_field_option_translations_on_locale` (`locale`)
) ENGINE=InnoDB AUTO_INCREMENT=240 DEFAULT CHARSET=utf8 COLLATE=utf8_unicode_ci;
/*!40101 SET character_set_client = @saved_cs_client */;

--
-- Dumping data for table `field_option_translations`
--

LOCK TABLES `field_option_translations` WRITE;
/*!40000 ALTER TABLE `field_option_translations` DISABLE KEYS */;
INSERT INTO `field_option_translations` VALUES (1,7,'en','2017-08-04 04:28:11','2017-08-04 04:28:11','Cirrus','cirrus: thin, wispy high cloud'),(2,8,'en','2017-08-04 04:28:11','2017-08-04 04:28:11','Cumulus','cumulus: fluffy, individual clouds'),(3,9,'en','2017-08-04 04:28:11','2017-08-04 04:28:11','Gust','wind description: intermittent gusts of wind'),(4,10,'en','2017-08-04 04:28:11','2017-08-04 04:28:11','Steady','wind description: steady, continually wind'),(5,11,'en','2017-08-04 04:28:11','2017-08-04 04:28:11','South','wind direction'),(6,12,'en','2017-08-04 04:28:11','2017-08-04 04:28:11','North','wind direction'),(7,13,'en','2017-08-04 04:28:11','2017-08-04 04:28:11','West','wind direction'),(8,14,'en','2017-08-04 04:28:11','2017-08-04 04:28:11','East','wind direction'),(9,15,'en','2017-08-04 04:28:11','2017-08-04 04:28:11','South-West','wind direction'),(10,16,'en','2017-08-04 04:28:11','2017-08-04 04:28:11','South-East','wind direction'),(11,17,'en','2017-08-04 04:28:11','2017-08-04 04:28:11','North-West','wind direction'),(12,18,'en','2017-08-04 04:28:11','2017-08-04 04:28:11','North-East','wind direction'),(13,19,'en','2017-08-04 04:28:11','2017-08-04 04:28:11','Stratus','stratus: layer of cloud'),(14,20,'en','2017-08-04 04:28:11','2017-08-04 04:28:11','Clear','clear: no clouds'),(15,21,'en','2017-08-04 04:28:11','2017-08-04 04:28:11','Hidden','Hidden: when an upper layer of clouds is hidden by lower clouds, fog or haze'),(16,22,'en','2017-08-04 04:28:11','2017-08-04 04:28:11','Haze','obscured atmosphere but usually dry'),(17,23,'en','2017-08-04 04:28:11','2017-08-04 04:28:11','Smoke','smoke from local domestic fire or forest fire'),(18,24,'en','2017-08-04 04:28:11','2017-08-04 04:28:11','Fog','ground level cloud'),(19,25,'en','2017-08-04 04:28:11','2017-08-04 04:28:11','One','one-tenth cloud cover'),(20,26,'en','2017-08-04 04:28:11','2017-08-04 04:28:11','Two','two-tenths cloud cover'),(21,27,'en','2017-08-04 04:28:11','2017-08-04 04:28:11','Three','three-tenths cloud cover'),(22,28,'en','2017-08-04 04:28:11','2017-08-04 04:28:11','Four','four-tenths cloud cover'),(23,29,'en','2017-08-04 04:28:11','2017-08-04 04:28:11','Five','five-tenths cloud cover'),(24,30,'en','2017-08-04 04:28:11','2017-08-04 04:28:11','Six','six-tenths cloud cover'),(25,31,'en','2017-08-04 04:28:11','2017-08-04 04:28:11','Seven','seven-tenths cloud cover'),(26,32,'en','2017-08-04 04:28:11','2017-08-04 04:28:11','Eight','eight-tenths cloud cover'),(27,33,'en','2017-08-04 04:28:11','2017-08-04 04:28:11','Nine','nine-tenths cloud cover'),(28,34,'en','2017-08-04 04:28:11','2017-08-04 04:28:11','Thunderstorm','thunderstorm'),(29,35,'en','2017-08-04 04:28:11','2017-08-04 04:28:11','Aurora','aurora'),(30,36,'en','2017-08-04 04:28:11','2017-08-04 04:28:11','Snow','snow'),(31,37,'en','2017-08-04 04:28:11','2017-08-04 04:28:11','Drifting Snow','drifting snow'),(32,38,'en','2017-08-04 04:28:11','2017-08-04 04:28:11','Zero','no cloud cover'),(33,39,'en','2017-08-04 04:28:11','2017-08-04 04:28:11','Ten','ten-tenths cloud cover'),(34,40,'en','2017-08-04 04:28:11','2017-08-04 04:28:11','Nimbus','nimbus: cloud with precipitation (rain, snow, hail)'),(35,41,'en','2017-08-04 04:28:11','2017-08-04 04:28:11','Cumulus','international symbol for cumulus, fluffy individual clouds'),(36,42,'en','2017-08-04 04:28:11','2017-08-04 04:28:11','Cirrus','international symbols for cirrus: thin wispy cloud'),(37,43,'en','2017-08-04 04:28:11','2017-08-04 04:28:11','Stratus','internation symbol for stratus: layer of cloud'),(38,44,'en','2017-08-04 04:28:11','2017-08-04 04:28:11','Nimbus','international symbol for nimbus: cloud with precipitation'),(39,45,'en','2017-08-04 04:28:11','2017-08-04 04:28:11','Hid','abbreviation of Hidden: higher level clouds are obscured by low level fog, haze or clouds'),(40,46,'en','2017-08-04 04:28:11','2017-08-04 04:28:11','Clear','international symbol for blue sky'),(41,47,'en','2017-08-04 04:28:11','2017-08-04 04:28:11','Calm','calm, no wind'),(42,48,'en','2017-08-04 04:28:11','2017-08-04 04:28:11','Clear','Clear sky'),(43,49,'en','2017-08-04 04:28:11','2017-08-04 04:28:11','Rain','Rain'),(44,50,'en','2017-08-04 04:28:11','2017-08-04 04:28:11','Cloudy','Cloudy'),(45,51,'en','2017-08-04 04:28:11','2017-08-04 04:28:11','Fair','Fair weather'),(46,52,'en','2017-08-04 04:28:11','2017-08-04 04:28:11','Smoke','Smoke from domestic or wild fires'),(47,53,'en','2017-08-04 04:28:11','2017-08-04 04:28:11','Shower','Rain shower'),(48,54,'en','2017-08-04 04:28:11','2017-08-04 04:28:11','Snow','Snow'),(49,55,'en','2017-08-04 04:28:11','2017-08-04 04:28:11','Lt Snow','Light snow fall'),(50,56,'en','2017-08-04 04:28:11','2017-08-04 04:28:11','Hv Rain','Heavy Rain'),(51,57,'en','2017-08-04 04:28:11','2017-08-04 04:28:11','Lt Rain','Light rain'),(52,58,'en','2017-08-04 04:28:11','2017-08-04 04:28:11','Hv Snow','Heavy Snow'),(53,59,'en','2017-08-04 04:28:11','2017-08-04 04:28:11','Sleet','Sleet'),(54,60,'en','2017-08-04 04:28:11','2017-08-04 04:28:11','Fog','Fog'),(55,61,'en','2017-08-04 04:28:11','2017-08-04 04:28:11','Foggy','Foggy'),(56,62,'en','2017-08-04 04:28:11','2017-08-04 04:28:11','Hail','Hail'),(57,63,'en','2017-08-04 04:28:11','2017-08-04 04:28:11','Threatening Rain','Looks like it might rain'),(58,64,'en','2017-08-04 04:28:11','2017-08-04 04:28:11','Sunshine','Sunny'),(59,65,'en','2017-08-04 04:28:11','2017-08-04 04:28:11','Mist','Mist'),(60,67,'en','2017-08-04 04:28:11','2017-08-04 04:28:11','Blue sky','Blue sky, clear, no clouds'),(61,68,'en','2017-08-04 04:28:11','2017-08-04 04:28:11','Cloudy','Cloudy but detached open clouds'),(62,69,'en','2017-08-04 04:28:11','2017-08-04 04:28:11','Overcast','Overcast, sky completely covered with clouds (dull)'),(63,70,'en','2017-08-04 04:28:11','2017-08-04 04:28:11','Clearing','Weather was cloudy but is starting to clear up'),(64,71,'en','2017-08-04 04:28:11','2017-08-04 04:28:11','Drizzle','Light misty but continual rain'),(65,72,'en','2017-08-04 04:28:11','2017-08-04 04:28:11','Foggy','foggy weather'),(66,73,'en','2017-08-04 04:28:11','2017-08-04 04:28:11','Fog','fog '),(67,74,'en','2017-08-04 04:28:11','2017-08-04 04:28:11','Misty','Misty, hazy, caused by condensed water vapour '),(68,75,'en','2017-08-04 04:28:11','2017-08-04 04:28:11','Dust haze','hazy atmosphere from dust'),(69,76,'en','2017-08-04 04:28:11','2017-08-04 04:28:11','Smoke','Smoke in atmosphere, from domestic or wild fires'),(70,77,'en','2017-08-04 04:28:11','2017-08-04 04:28:11','Gloomy','Gloomy, dark weather'),(71,78,'en','2017-08-04 04:28:11','2017-08-04 04:28:11','Hail','Hail, small ice pellets'),(72,79,'en','2017-08-04 04:28:11','2017-08-04 04:28:11','Soft hail','Soft hail'),(73,80,'en','2017-08-04 04:28:11','2017-08-04 04:28:11','Lightning','Lightning seen in sky'),(74,81,'en','2017-08-04 04:28:11','2017-08-04 04:28:11','Passing showers','Brief rain showers'),(75,82,'en','2017-08-04 04:28:11','2017-08-04 04:28:11','Squally','Brief, intense rain or snow with high winds'),(76,83,'en','2017-08-04 04:28:11','2017-08-04 04:28:11','Rain','Continual rain'),(77,84,'en','2017-08-04 04:28:11','2017-08-04 04:28:11','Snow','Steady snow fall'),(78,85,'en','2017-08-04 04:28:11','2017-08-04 04:28:11','Flurries','Brief, intermittent snow fall'),(79,86,'en','2017-08-04 04:28:11','2017-08-04 04:28:11','Ice crystals','Small, fine ice crystals in air.  Frozen mist'),(80,87,'en','2017-08-04 04:28:11','2017-08-04 04:28:11','Snow drift','Loose snow blown by wind.  Drifting snow can occur when there are no clouds of other precipitation'),(81,88,'en','2017-08-04 04:28:11','2017-08-04 04:28:11','Thunder','Thunder heard'),(82,89,'en','2017-08-04 04:28:11','2017-08-04 04:28:11','Thunderstorm','Thunderstorm'),(83,90,'en','2017-08-04 04:28:11','2017-08-04 04:28:11','Ugly','Ugly weather, threatening appearance'),(84,91,'en','2017-08-04 04:28:11','2017-08-04 04:28:11','Visibility','Unusual visibility of distant objects'),(85,92,'en','2017-08-04 04:28:11','2017-08-04 04:28:11','Dew','Dew on the grass in the morning'),(86,93,'en','2017-08-04 04:28:11','2017-08-04 04:28:11','Hoar frost','White frost usually in the morning- frozen dew '),(87,94,'en','2017-08-04 04:28:11','2017-08-04 04:28:11','Silver thaw','Thaw of frost'),(88,95,'en','2017-08-04 04:28:11','2018-01-16 16:57:17','Glazed frost','coating of frost'),(89,96,'en','2017-08-04 04:28:11','2017-08-04 04:28:11','Strong wind','Strong wind'),(90,97,'en','2017-08-04 04:28:11','2017-08-04 04:28:11','Lunar corona','Ring of light surrounding the moon'),(91,98,'en','2017-08-04 04:28:11','2017-08-04 04:28:11','Lunar halo','Halo of light around the moon, signifying high cloud'),(92,99,'en','2017-08-04 04:28:11','2017-08-04 04:28:11','Rainbow','Rainbow visible'),(93,100,'en','2017-08-04 04:28:11','2017-08-04 04:28:11','Snow on ground','Snow staying on the ground'),(94,101,'en','2017-08-04 04:28:11','2017-08-04 04:28:11','Solar corona','Ring of light around the sun, indicating thin high cloud'),(95,102,'en','2017-08-04 04:28:11','2017-08-04 04:28:11','Solar halo','Ring of light around the sun, showing thin high cloud'),(96,103,'en','2017-08-04 04:28:11','2017-08-04 04:28:11','Rain','rain'),(97,104,'en','2017-08-04 04:28:11','2017-08-04 04:28:11','light rain','light rain indicated by the exponent 0'),(98,105,'en','2017-08-04 04:28:11','2017-08-04 04:28:11','heavy rain','heavy rain indicated by the exponent 2'),(99,106,'en','2017-08-04 04:28:11','2017-08-04 04:28:11','Snow','Snow'),(100,107,'en','2017-08-04 04:28:11','2017-08-04 04:28:11','light snow','light snow indicated by the exponent 0'),(101,108,'en','2017-08-04 04:28:11','2017-08-04 04:28:11','heavy snow','heavy snow indicated by the exponent 2'),(102,109,'en','2017-08-04 04:28:11','2017-08-04 04:28:11','Drizzle','drizzle'),(103,110,'en','2017-08-04 04:28:11','2017-08-04 04:28:11','Cirrostratus','Cirrostratus clouds, high level layers of cloud'),(104,111,'en','2017-08-04 04:28:11','2017-08-04 04:28:11','Cirrocumulus','High level cumulus clouds'),(105,112,'en','2017-08-04 04:28:11','2017-08-04 04:28:11','Cumulostratus','A combination cloud type made up of layers of cumulus clouds'),(106,113,'en','2017-08-04 04:28:11','2017-08-04 04:28:11','Cirrocumulus','A combination cloud type of high level cumulus clouds'),(107,114,'en','2017-08-04 04:28:11','2017-08-04 04:28:11','Cumulostratus','A combination cloud type made up of layers of cumulus clouds'),(108,115,'en','2017-08-04 04:28:11','2017-08-04 04:28:11','Cumulonimbostratus ','Typically a summer rain storm cloud'),(109,116,'en','2017-10-01 20:48:35','2017-10-01 20:48:35','Cirrostratus','cirrostratus, a layer of high clouds'),(110,117,'en','2017-10-07 19:57:45','2018-01-16 17:01:09','Empty / Blank','cell is empty'),(111,118,'en','2017-10-07 19:57:45','2018-01-16 17:01:49','Illegible','choose this is the entry is unreadable'),(112,119,'en','2017-10-07 19:57:45','2018-01-16 17:02:20','Retracted / Line through','choose this is an entry has a line through it'),(113,7,'fr','2017-10-11 22:00:00','2017-10-11 22:00:00','Cirrus','Cirrus: nuage haut, fin et éffiloché.'),(114,8,'fr','2017-10-11 22:00:00','2017-10-11 22:00:00','Cumulus','Cumulus: nuage dense, moutonné et individuel. '),(115,9,'fr','2017-10-11 22:00:00','2017-10-11 22:00:00','Rafale','Description du vent : rafales de vent intermittentes.'),(116,10,'fr','2017-10-11 22:00:00','2017-10-11 22:00:00','Constant','Description du vent : vent constant.'),(117,11,'fr','2017-10-11 22:00:00','2017-10-11 22:00:00','Sud','Direction du vent. '),(118,12,'fr','2017-10-11 22:00:00','2017-10-11 22:00:00','Nord','Direction du vent. '),(119,13,'fr','2017-10-11 22:00:00','2017-10-11 22:00:00','Ouest','Direction du vent. '),(120,14,'fr','2017-10-11 22:00:00','2017-10-11 22:00:00','Est','Direction du vent. '),(121,15,'fr','2017-10-11 22:00:00','2017-10-11 22:00:00','Sud-ouest','Direction du vent. '),(122,16,'fr','2017-10-11 22:00:00','2017-10-11 22:00:00','Sud-est','Direction du vent. '),(123,17,'fr','2017-10-11 22:00:00','2017-10-11 22:00:00','Nord-ouest','Direction du vent. '),(124,18,'fr','2017-10-11 22:00:00','2017-10-11 22:00:00','Nord-est','Direction du vent. '),(125,19,'fr','2017-10-11 22:00:00','2017-10-11 22:00:00','Stratus','Stratus : couche nuageuse uniforme.'),(126,20,'fr','2017-10-11 22:00:00','2017-10-11 22:00:00','Clair','Clair : sans nuages. '),(127,21,'fr','2017-10-11 22:00:00','2017-10-11 22:00:00','Cachés','Cachés : lorsque les nuages d\'un étage supérieur sont cachés par les nuages d\'un étage inférieur (du brouillard ou de la brume sèche).  '),(128,22,'fr','2017-10-11 22:00:00','2017-10-11 22:00:00','Brume sèche','Atmosphère obscure, mais sèche. '),(129,23,'fr','2017-10-11 22:00:00','2017-10-11 22:00:00','Fumée','Fumée provenant de foyers domestiques ou de feux de forêt. '),(130,24,'fr','2017-10-11 22:00:00','2017-10-11 22:00:00','Brouillard','Nuage au niveau du sol. '),(131,25,'fr','2017-10-11 22:00:00','2017-10-11 22:00:00','Un','1 dixième de couverture nuageuse. '),(132,26,'fr','2017-10-11 22:00:00','2017-10-11 22:00:00','Deux','2 dixièmes de couverture nuageuse. '),(133,27,'fr','2017-10-11 22:00:00','2017-10-11 22:00:00','Trois','3 dixièmes de couverture nuageuse. '),(134,28,'fr','2017-10-11 22:00:00','2017-10-11 22:00:00','Quatre','4 dixièmes de couverture nuageuse. '),(135,29,'fr','2017-10-11 22:00:00','2017-10-11 22:00:00','Cinq','5 dixièmes de couverture nuageuse. '),(136,30,'fr','2017-10-11 22:00:00','2017-10-11 22:00:00','Six','6 dixièmes de couverture nuageuse. '),(137,31,'fr','2017-10-11 22:00:00','2017-10-11 22:00:00','Sept','7 dixièmes de couverture nuageuse. '),(138,32,'fr','2017-10-11 22:00:00','2017-10-11 22:00:00','Huit','8 dixièmes de couverture nuageuse. '),(139,33,'fr','2017-10-11 22:00:00','2017-10-11 22:00:00','Neuf','9 dixièmes de couverture nuageuse. '),(140,34,'fr','2017-10-11 22:00:00','2017-10-11 22:00:00','Orage','Orage. '),(141,35,'fr','2017-10-11 22:00:00','2017-10-11 22:00:00','Aurore','Aurore. '),(142,36,'fr','2017-10-11 22:00:00','2017-10-11 22:00:00','Neige','Neige. '),(143,37,'fr','2017-10-11 22:00:00','2017-10-11 22:00:00','Poudrerie','Poudrerie. '),(144,38,'fr','2017-10-11 22:00:00','2017-10-11 22:00:00','Zéro','Pas de couverture nuageuse. '),(145,39,'fr','2017-10-11 22:00:00','2017-10-11 22:00:00','Dix','10 dixièmes de couverture nuageuse. '),(146,40,'fr','2017-10-11 22:00:00','2017-10-11 22:00:00','Nimbus','Nimbus : nuage produisant des précipitations (pluie, neige, grêle).'),(147,41,'fr','2017-10-11 22:00:00','2017-10-11 22:00:00','Cumulus','Symbole international du cumulus, nuage dense, moutonné et individuel. '),(148,42,'fr','2017-10-11 22:00:00','2017-10-11 22:00:00','Cirrus','Symbole international du cirrus, nuage haut, fin et éffiloché.'),(149,43,'fr','2017-10-11 22:00:00','2017-10-11 22:00:00','Stratus','Symbole international du stratus, couche nuageuse uniforme.'),(150,44,'fr','2017-10-11 22:00:00','2017-10-11 22:00:00','Nimbus','Symbole international du nimbus, nuage produisant des précipitations.'),(151,45,'fr','2017-10-11 22:00:00','2017-10-11 22:00:00','Hid','Abréviation de « cachés » : lorsque les nuages d\'un étage supérieur sont cachés par les nuages d\'un étage inférieur (du brouillard ou de la brume sèche).'),(152,46,'fr','2017-10-11 22:00:00','2017-10-11 22:00:00','Clair','Symbole international d\'un ciel clair. '),(153,47,'fr','2017-10-11 22:00:00','2017-10-11 22:00:00','Calme','Calme, sans vent. '),(154,48,'fr','2017-10-11 22:00:00','2017-10-11 22:00:00','Clair','Ciel clair. '),(155,49,'fr','2017-10-11 22:00:00','2017-10-11 22:00:00','Pluie','Pluie. '),(156,50,'fr','2017-10-11 22:00:00','2017-10-11 22:00:00','Nuageux','Nuageux. '),(157,51,'fr','2017-10-11 22:00:00','2017-10-11 22:00:00','Beau temps','Beau temps. '),(158,52,'fr','2017-10-11 22:00:00','2017-10-11 22:00:00','Fumée','Fumée provenant de foyers domestiques ou de feux de forêt. '),(159,53,'fr','2017-10-11 22:00:00','2017-10-11 22:00:00','Averse','Averse de pluie. '),(160,54,'fr','2017-10-11 22:00:00','2017-10-11 22:00:00','Neige ','Neige. '),(161,55,'fr','2017-10-11 22:00:00','2017-10-11 22:00:00','Neige légère','Chutes de neige légères. '),(162,56,'fr','2017-10-11 22:00:00','2017-10-11 22:00:00','Pluie forte','Pluie forte. '),(163,57,'fr','2017-10-11 22:00:00','2017-10-11 22:00:00','Pluie faible','Pluie faible.'),(164,58,'fr','2017-10-11 22:00:00','2017-10-11 22:00:00','Neige abondante','Neige abondante. '),(165,59,'fr','2017-10-11 22:00:00','2017-10-11 22:00:00','Giboulée','Giboulée. '),(166,60,'fr','2017-10-11 22:00:00','2017-10-11 22:00:00','Brouillard','Brouillard. '),(167,61,'fr','2017-10-11 22:00:00','2017-10-11 22:00:00','Brumeux','Brumeux. '),(168,62,'fr','2017-10-11 22:00:00','2017-10-11 22:00:00','Grêle','Grêle. '),(169,63,'fr','2017-10-11 22:00:00','2017-10-11 22:00:00','Ciel menaçant ','Il menance de pleuvoir. '),(170,64,'fr','2017-10-11 22:00:00','2017-10-11 22:00:00','Ensoleillement','Ensoleillé. '),(171,65,'fr','2017-10-11 22:00:00','2017-10-11 22:00:00','Brume','Brume. '),(172,67,'fr','2017-10-11 22:00:00','2017-10-11 22:00:00','Ciel clair','Ciel bleu, clair, sans nuages. '),(173,68,'fr','2017-10-11 22:00:00','2017-10-11 22:00:00','Nuageux',' Nuageux, présence de nuages détachés les uns des autres.'),(174,69,'fr','2017-10-11 22:00:00','2017-10-11 22:00:00','Couvert','Ciel complètement couvert de nuages. '),(175,70,'fr','2017-10-11 22:00:00','2017-10-11 22:00:00','Dégagement ','Le ciel était nuageux, mais commence à s\'éclaircir. '),(176,71,'fr','2017-10-11 22:00:00','2017-10-11 22:00:00','Bruine','Pluie légère, brumeuse et continue. '),(177,72,'fr','2017-10-11 22:00:00','2017-10-11 22:00:00','Brumeux','Temps brumeux. '),(178,73,'fr','2017-10-11 22:00:00','2017-10-11 22:00:00','Brouillard','Brouillard. '),(179,74,'fr','2017-10-11 22:00:00','2017-10-11 22:00:00','Brumeux','Temps brumeux causé par de la vapeur d\'eau condensée. '),(180,75,'fr','2017-10-11 22:00:00','2017-10-11 22:00:00','Brume de poussière ','Temps brumeux causé par de la poussière. '),(181,76,'fr','2017-10-11 22:00:00','2017-10-11 22:00:00','Fumée','Fumée dans l\'air provenant de foyers domestiques ou de feux de forêt. '),(182,77,'fr','2017-10-11 22:00:00','2017-10-11 22:00:00','Sombre ','Ciel sombre. '),(183,78,'fr','2017-10-11 22:00:00','2017-10-11 22:00:00','Grêle ','Grêle, petites granules de glace. '),(184,79,'fr','2017-10-11 22:00:00','2017-10-11 22:00:00','Grésil ','Grésil. '),(185,80,'fr','2017-10-11 22:00:00','2017-10-11 22:00:00','Éclairs ','Éclairs visibles dans le ciel. '),(186,81,'fr','2017-10-11 22:00:00','2017-10-11 22:00:00','Averses passagères ','Averses de pluie de courte durée. '),(187,82,'fr','2017-10-11 22:00:00','2017-10-11 22:00:00','Grain','Averses de pluie ou neige, abondantes et de courte durée, accompagnées de vents forts.  '),(188,83,'fr','2017-10-11 22:00:00','2017-10-11 22:00:00','Pluie','Pluie continue. '),(189,84,'fr','2017-10-11 22:00:00','2017-10-11 22:00:00','Neige ','Chutes de neige continues. '),(190,85,'fr','2017-10-11 22:00:00','2017-10-11 22:00:00','Averses de neige','Chutes de neige intermittentes et de courte durée. '),(191,86,'fr','2017-10-11 22:00:00','2017-10-11 22:00:00','Cristaux de glace ','Cristaux de glace petits et fins dans l\'air. Brouillard de glace. '),(192,87,'fr','2017-10-11 22:00:00','2017-10-11 22:00:00','Poudrerie','Neige poudreuse chassée par le vent. Ce phénomène peut se produire même lorsqu\'il n\'y a pas de nuages ou de précipitation.  '),(193,88,'fr','2017-10-11 22:00:00','2017-10-11 22:00:00','Tonnerre ','Bruit de tonnerre. '),(194,89,'fr','2017-10-11 22:00:00','2017-10-11 22:00:00','Orage','Orage. '),(195,90,'fr','2017-10-11 22:00:00','2017-10-11 22:00:00','Mauvais temps',' Mauvais temps, d\'apparence menaçante. '),(196,91,'fr','2017-10-11 22:00:00','2017-10-11 22:00:00','Visibilité','Visibilité inhabituelle d\'objets lointains. '),(197,92,'fr','2017-10-11 22:00:00','2017-10-11 22:00:00','Rosée ','Rosée sur l\'herbe, le matin. '),(198,93,'fr','2017-10-11 22:00:00','2017-10-11 22:00:00','Gelée blanche ','Gel de la rosée, le matin. '),(199,94,'fr','2017-10-11 22:00:00','2017-10-11 22:00:00','Givre','Température se réchauffe après une période de gel. '),(200,95,'fr','2017-10-11 22:00:00','2017-10-11 22:00:00','Verglas ','Pluie se congelant. '),(201,96,'fr','2017-10-11 22:00:00','2017-10-11 22:00:00','Vent fort','Vent fort. '),(202,97,'fr','2017-10-11 22:00:00','2017-10-11 22:00:00','Couronne lunaire','Anneau de lumière autour de la lune. '),(203,98,'fr','2017-10-11 22:00:00','2017-10-11 22:00:00','Halo lunaire','Halo de lumière autour de la lune, indiquant la présence de hauts nuages. '),(204,99,'fr','2017-10-11 22:00:00','2017-10-11 22:00:00','Arc-en-ciel','Arc-en-ciel apparent. '),(205,100,'fr','2017-10-11 22:00:00','2017-10-11 22:00:00','Neige au sol','Neige demeurant au sol. '),(206,101,'fr','2017-10-11 22:00:00','2017-10-11 22:00:00','Couronne solaire ','Anneau de lumière autour du soleil, indiquant la présence de hauts nuages fins.  '),(207,102,'fr','2017-10-11 22:00:00','2017-10-11 22:00:00','Halo solaire ','Halo de lumière autour du soleil, indiquant la présence de hauts nuages fins.  '),(208,103,'fr','2017-10-11 22:00:00','2017-10-11 22:00:00','Pluie ','Pluie. '),(209,104,'fr','2017-10-11 22:00:00','2017-10-11 22:00:00','Pluie faible ','Pluie faible indiquée à l\'aide de l\'exposant 0. '),(210,105,'fr','2017-10-11 22:00:00','2017-10-11 22:00:00','Pluie forte ','Pluie forte indiquée à l\'aide de l\'exposant 2. '),(211,106,'fr','2017-10-11 22:00:00','2017-10-11 22:00:00','Neige ','Neige. '),(212,107,'fr','2017-10-11 22:00:00','2017-10-11 22:00:00','Neige légère','Neige légère indiquée à l\'aide de l\'exposant 0. '),(213,108,'fr','2017-10-11 22:00:00','2017-10-11 22:00:00','Neige abondante','Neige abondante indiquée à l\'aide de l\'exposant 2. '),(214,109,'fr','2017-10-11 22:00:00','2017-10-11 22:00:00','Bruine','Bruine. '),(215,110,'fr','2017-10-11 22:00:00','2017-10-11 22:00:00','Cirrostratus','Cirrostratus :  couche nuageuse se formant dans l\'étage supérieur du ciel. '),(216,111,'fr','2017-10-11 22:00:00','2017-10-11 22:00:00','Cirrocumulus','Cumulus se formant dans l\'étage supérieur du ciel. '),(217,112,'fr','2017-10-11 22:00:00','2017-10-11 22:00:00','Cumulostratus','Combinaison de nuages, couche nuageuse formée cumulus. '),(218,113,'fr','2017-10-11 22:00:00','2017-10-11 22:00:00','Cirrocumulus','Combinaison de nuages, couche nuageuse formée de cumulus dans l\'étage supérieur du ciel. '),(219,114,'fr','2017-10-11 22:00:00','2017-10-11 22:00:00','Cumulostratus','Combinaison de nuages, couche nuageuse formée cumulus. '),(220,115,'fr','2017-10-11 22:00:00','2017-10-11 22:00:00','Cumulonimbostratus ','Nuage produisant généralement des orages en été. '),(221,117,'fr','2017-10-14 02:41:57','2017-10-14 02:41:57','Vide','Champ laissé vide'),(222,118,'fr','2017-10-14 02:43:34','2017-10-14 02:43:34','Illisable','Difficle à lire les contenues du champ'),(223,119,'fr','2017-10-14 02:45:26','2017-10-14 02:45:26','Retracté / Ligne à travers','L\'observateur a retracté l\'observation'),(224,120,'en','2017-11-02 16:12:37','2017-11-02 16:12:37','I','Roman numeral one'),(225,121,'en','2017-11-02 16:13:08','2017-11-02 16:13:08','II','Roman numeral two'),(226,122,'en','2017-11-02 16:13:41','2017-11-02 16:13:41','III','Roman numeral three'),(228,124,'en','2017-11-02 16:57:45','2017-11-02 18:29:47','Light cloud','Light cloud'),(229,125,'en','2017-11-02 16:58:42','2017-11-02 18:29:26','Heavy cloud','Heavy cloud'),(230,120,'fr','2017-11-02 18:24:20','2017-11-02 18:24:20','I','chiffre romain \"un\"'),(231,121,'fr','2017-11-02 18:24:46','2017-11-02 18:24:46','II','chiffre romain \"deux\"'),(232,122,'fr','2017-11-02 18:25:06','2017-11-02 18:25:06','III','chiffre romain \"trois\"'),(234,124,'fr','2017-11-02 18:26:23','2017-11-02 18:28:30','Nuage léger','nuage léger'),(235,125,'fr','2017-11-02 18:27:41','2017-11-02 18:27:41','Nuage important','Nuage important'),(236,126,'en','2017-11-21 16:52:02','2017-11-21 16:52:02','Roman numeral four','Roman numeral four for aurora class'),(237,127,'en','2017-12-03 17:24:06','2017-12-03 17:24:06','heavy thunderstorm','heavy thunderstorms'),(238,128,'en','2018-01-15 00:32:08','2018-01-15 00:32:08','Haze','Haze'),(239,129,'en','2018-01-15 01:39:26','2018-01-15 01:39:26','Hazy','hazy');
/*!40000 ALTER TABLE `field_option_translations` ENABLE KEYS */;
UNLOCK TABLES;

--
-- Table structure for table `field_options`
--

DROP TABLE IF EXISTS `field_options`;
/*!40101 SET @saved_cs_client     = @@character_set_client */;
/*!40101 SET character_set_client = utf8 */;
CREATE TABLE `field_options` (
  `id` int(11) NOT NULL AUTO_INCREMENT,
  `image_file_name` varchar(255) DEFAULT NULL,
  `image_content_type` varchar(255) DEFAULT NULL,
  `image_file_size` int(11) DEFAULT NULL,
  `image_updated_at` datetime DEFAULT NULL,
  `value` varchar(255) DEFAULT NULL,
  `created_at` datetime NOT NULL,
  `updated_at` datetime NOT NULL,
  `text_symbol` varchar(255) DEFAULT NULL,
  `display_attribute` varchar(255) DEFAULT 'name',
  `internal_name` varchar(255) DEFAULT NULL,
  `is_default` tinyint(1) DEFAULT '0',
  PRIMARY KEY (`id`)
) ENGINE=InnoDB AUTO_INCREMENT=130 DEFAULT CHARSET=utf8;
/*!40101 SET character_set_client = @saved_cs_client */;

--
-- Dumping data for table `field_options`
--

LOCK TABLES `field_options` WRITE;
/*!40000 ALTER TABLE `field_options` DISABLE KEYS */;
INSERT INTO `field_options` VALUES (7,'Cirrus.png','image/png',8893,'2017-03-07 22:44:13','Cirrus','2016-08-29 23:50:14','2017-03-27 21:33:28','Ci','symbol','Cirrus 110',0),(8,'Cumulus.png','image/png',9099,'2017-03-07 22:44:32','Cumulus','2016-08-29 23:50:26','2017-05-02 17:48:15','Cu','symbol','Cumulus 110',0),(9,'letter-g.png','image/png',3979,'2016-09-02 22:24:12','Gust','2016-09-02 22:24:12','2017-03-06 22:45:12','G','symbol','',0),(10,'letter-s.png','image/png',3570,'2016-09-02 22:24:37','Steady','2016-09-02 22:24:37','2017-05-02 17:48:28','S','symbol','',0),(11,'South_copy.png','image/png',19458,'2017-03-07 22:45:08','South','2016-09-02 22:31:56','2017-05-02 17:48:39','S','symbol','',0),(12,'north.png','image/png',12352,'2017-03-07 22:45:45','North','2016-09-02 22:32:10','2017-05-02 17:48:48','N','symbol','',0),(13,'W.png','image/png',21417,'2017-03-07 22:46:02','West','2016-09-02 22:32:22','2017-05-02 17:48:56','W','symbol','',0),(14,'east.png','image/png',21584,'2017-03-07 22:46:19','East','2016-09-02 22:32:53','2017-03-27 21:31:31','E','symbol','',0),(15,'south-west.png','image/png',18899,'2017-03-07 22:46:36','South-West','2016-09-02 22:33:11','2017-05-02 17:49:04','SW','symbol','',0),(16,'southeast.png','image/png',15960,'2017-03-07 22:46:56','South-East','2016-09-02 22:33:30','2017-05-02 17:49:15','SE','symbol','',0),(17,'NW.png','image/png',27352,'2017-03-07 22:47:16','North-West','2016-09-02 22:33:45','2017-05-02 17:49:35','NW','symbol','',0),(18,'north-east.png','image/png',9771,'2017-03-07 22:47:32','North-East','2016-09-02 22:33:54','2017-05-02 17:49:48','NE','symbol','',0),(19,'Stratus.png','image/png',8942,'2017-03-07 22:48:08','Stratus','2016-09-02 22:43:28','2017-05-02 17:49:59','St','symbol','Stratus 110',0),(20,'Clear_2.png','image/png',17984,'2017-03-07 22:48:31','Clear','2016-09-02 22:43:53','2017-05-02 17:47:42','Cl','name','Clear 110',0),(21,'Hidden.png','image/png',22304,'2017-03-07 22:48:51','Hidden','2016-09-02 22:44:35','2017-04-25 15:12:09','Hid','symbol','',0),(22,'Haze.png','image/png',17230,'2017-03-07 22:49:09','Haze','2016-09-02 22:46:22','2017-04-25 15:13:09','Haze','symbol','Haze 110',0),(23,'Smoke.png','image/png',19202,'2017-03-07 22:49:37','Smoke','2016-09-02 22:46:38','2017-04-25 15:14:07','Smoke','symbol','Smoke 110',0),(24,'Fog.png','image/png',10667,'2017-03-07 22:50:02','Fog','2016-09-02 22:47:03','2017-04-25 15:14:40','Fog','symbol','Fog 110',0),(25,NULL,NULL,NULL,NULL,'1','2016-09-02 22:47:29','2016-10-21 15:00:14','1','symbol',NULL,0),(26,NULL,NULL,NULL,NULL,'2','2016-09-02 22:47:34','2016-10-21 15:00:32','2','symbol',NULL,0),(27,NULL,NULL,NULL,NULL,'3','2016-09-02 22:47:37','2016-10-21 15:00:44','3','symbol',NULL,0),(28,NULL,NULL,NULL,NULL,'4','2016-09-02 22:47:44','2016-10-21 15:00:55','4','symbol',NULL,0),(29,NULL,NULL,NULL,NULL,'5','2016-09-02 22:47:49','2016-10-21 15:01:07','5','symbol',NULL,0),(30,NULL,NULL,NULL,NULL,'6','2016-09-02 22:47:55','2016-10-21 15:01:21','6','symbol',NULL,0),(31,NULL,NULL,NULL,NULL,'7','2016-09-02 22:47:59','2016-10-21 15:01:38','7','symbol',NULL,0),(32,NULL,NULL,NULL,NULL,'8','2016-09-02 22:48:03','2016-10-21 15:01:49','8','symbol',NULL,0),(33,NULL,NULL,NULL,NULL,'9','2016-09-02 22:48:07','2016-10-21 15:02:02','9','symbol',NULL,0),(34,'thunderstorm_16.png','image/png',291,'2016-09-13 17:53:04','Thunderstorm','2016-09-13 17:53:04','2017-03-06 20:15:19','','icon','Thunderstorm 120',0),(35,'aurora_16.png','image/png',307,'2016-09-13 17:53:25','Aurora','2016-09-13 17:53:25','2017-05-02 17:50:39','','icon','Aurora 120',0),(36,'snow_16.png','image/png',276,'2016-09-13 17:53:50','Snow','2016-09-13 17:53:50','2017-05-02 19:59:17','s','icon','Snow 120',0),(37,'snowdrift_16.png','image/png',272,'2016-09-13 17:54:14','Drifting_Snow','2016-09-13 17:54:14','2018-01-16 16:50:47','','icon','Drifting Snow 120',0),(38,NULL,NULL,NULL,NULL,'0','2016-09-30 13:00:43','2016-10-21 15:03:35','0','symbol',NULL,0),(39,NULL,NULL,NULL,NULL,'10','2016-10-21 14:45:06','2016-10-21 18:35:28','10','symbol',NULL,0),(40,'nimbus.png','image/png',11685,'2017-03-07 22:50:31','Nimbus','2016-10-21 15:05:00','2017-05-02 17:51:28','Ni','symbol','Nimbus 110',0),(41,'cumulus.png','image/png',14600,'2017-03-07 22:51:05','Cumulus','2016-10-21 15:07:48','2017-05-02 17:51:42','K','symbol','Cumulus 120',0),(42,'cirrus.png','image/png',15733,'2017-03-07 22:51:45','Cirrus','2016-10-21 15:09:35','2017-05-02 17:52:30','C','symbol','Cirrus 120',0),(43,'Stratus.png','image/png',14979,'2017-03-07 22:52:08','Stratus','2016-10-21 15:10:35','2017-05-02 17:52:50','S','symbol','Stratus 120',0),(44,'Nimbus.png','image/png',11938,'2017-03-07 22:52:33','Nimbus','2016-10-21 15:17:07','2017-05-02 17:53:10','N','symbol','Nimbus 120',0),(45,NULL,NULL,NULL,NULL,'Hidden','2016-10-21 15:23:31','2017-03-07 22:52:49','Hid','symbol','',0),(46,'blue_sky.png','image/png',8738,'2017-03-07 22:53:12','Clear','2016-10-21 15:32:17','2017-05-02 17:53:30','b','symbol','Clear 120',0),(47,'calm.png','image/png',5844,'2017-03-07 22:53:42','Calm','2016-10-25 17:00:35','2017-03-07 22:53:42','C','symbol','',0),(48,'Clear.png','image/png',12674,'2017-03-07 22:54:16','Clear','2017-02-28 22:53:22','2017-05-02 17:35:14','Clear','symbol','Clear 110',0),(49,'Rain.png','image/png',24833,'2017-03-07 22:55:48','Rain','2017-02-28 22:53:48','2017-03-07 22:55:48','Rain','symbol','Rain 110',0),(50,'Cloudy.png','image/png',21833,'2017-03-07 22:56:19','Cloudy','2017-02-28 22:54:21','2017-03-07 22:56:19','Cloudy','symbol','Cloudy 110',0),(51,'Fair.png','image/png',13810,'2017-03-07 22:56:43','Fair','2017-02-28 22:55:29','2017-05-02 17:54:18','Fair','symbol','Fair 110',0),(52,'Smoke.png','image/png',19202,'2017-03-07 22:57:28','Smoke','2017-02-28 22:56:04','2017-03-07 22:57:28','Smoke','symbol','Smoke 110',0),(53,NULL,NULL,NULL,NULL,'Shower','2017-02-28 22:56:41','2017-03-06 22:19:38','Shower','symbol','Shower 110',0),(54,'Snow.png','image/png',21317,'2017-03-07 22:58:27','Snow','2017-02-28 22:57:10','2017-03-07 22:58:27','Snow','symbol','Snow 110',0),(55,'Light_Snow.png','image/png',26639,'2017-03-07 22:58:49','Light_Snow','2017-02-28 22:57:40','2018-01-16 16:51:16','Lt Snow','symbol','Lt Snow 110',0),(56,'Heavy_Rain_110.png','image/png',34504,'2017-03-07 23:27:13','Heavy_Rain','2017-02-28 22:58:26','2018-01-16 16:51:43','Hv Rain','symbol','Hv Rain 110',0),(57,NULL,NULL,NULL,NULL,'Light_Rain','2017-02-28 22:59:27','2018-01-16 16:52:02','Lt Rain','symbol','Lt Rain 110',0),(58,NULL,NULL,NULL,NULL,'Heavy_Snow','2017-02-28 22:59:52','2018-01-16 16:52:21','Hv Snow','symbol','Hv Snow 110',0),(59,'Sleet.png','image/png',14758,'2017-03-07 23:05:20','Sleet','2017-02-28 23:00:16','2017-03-07 23:05:20','Sleet','symbol','Sleet 110',0),(60,'Fog.png','image/png',10667,'2017-03-07 23:05:50','Fog','2017-02-28 23:01:11','2017-03-07 23:05:50','Fog','symbol','Fog 110',0),(61,NULL,NULL,NULL,NULL,'Foggy','2017-02-28 23:01:37','2017-03-06 22:25:41','Foggy','symbol','Foggy 110',0),(62,NULL,NULL,NULL,NULL,'Hail','2017-02-28 23:10:53','2017-03-06 22:26:11','Hail','symbol','Hail 110',0),(63,NULL,NULL,NULL,NULL,'Threatening_Rain','2017-02-28 23:11:33','2018-01-16 16:52:39','Threatening Rain','symbol','Threatening Rain 110',0),(64,NULL,NULL,NULL,NULL,'Sunshine','2017-02-28 23:12:03','2017-03-06 22:27:25','Sunshine','symbol','Sunshine 100',0),(65,NULL,NULL,NULL,NULL,'Mist','2017-02-28 23:12:28','2017-03-06 22:27:53','Mist','symbol','Mist 110',0),(67,NULL,NULL,NULL,NULL,'Blue_Sky','2017-02-28 23:14:43','2018-01-16 16:52:59','b','symbol','Blue sky 120',0),(68,'cloudy_again.png','image/png',8504,'2017-03-08 17:55:44','Cloudy','2017-02-28 23:15:33','2017-05-02 19:59:49','c','symbol','Cloudy 120',0),(69,'overcast_96.png','image/png',1843,'2017-02-28 23:18:25','Overcast','2017-02-28 23:16:24','2017-05-02 19:59:02','o','icon','Overcast 120',0),(70,'clearing-weather_96.png','image/png',1556,'2017-02-28 23:17:53','Clearing_Weather','2017-02-28 23:17:54','2018-01-16 16:53:29','Clearing weather','icon','Clearing 120',0),(71,'drizzle.png','image/png',13795,'2017-03-07 23:04:05','Drizzling_Rain','2017-02-28 23:19:27','2018-01-16 16:53:52','d','symbol','Drizzle 120',0),(72,'foggy_96.png','image/png',1294,'2017-02-28 23:20:19','Foggy','2017-02-28 23:20:19','2017-03-07 16:51:16','f','icon','Foggy 120',0),(73,'foggy_96.png','image/png',1294,'2017-02-28 23:21:29','Foggy','2017-02-28 23:21:30','2017-03-07 16:51:42','f','icon','Fog 120',0),(74,'misty_96.png','image/png',790,'2017-02-28 23:22:31','Misty','2017-02-28 23:22:31','2017-05-02 17:56:47','Misty','icon','Misty 120',0),(75,'dust-haze_96.png','image/png',702,'2017-02-28 23:23:22','Dust_Haze','2017-02-28 23:23:22','2018-01-16 16:54:16','Dust haze','icon','Dust haze 120',0),(76,'smoke_96.png','image/png',932,'2017-02-28 23:24:16','Smoke','2017-02-28 23:24:16','2017-03-07 16:53:06','Smoke','icon','Smoke 120',0),(77,NULL,NULL,NULL,NULL,'Gloomy','2017-02-28 23:24:52','2017-03-07 16:53:25','g','symbol','Gloomy 120',0),(78,'hail_96.png','image/png',792,'2017-02-28 23:25:52','Hail','2017-02-28 23:25:52','2017-03-07 16:53:46','h','icon','Hail 120',0),(79,'soft-hail_96.png','image/png',892,'2017-02-28 23:26:28','Soft_Hail','2017-02-28 23:26:28','2018-01-16 16:54:38','soft hail','icon','Soft hail 120',0),(80,'lightning_96.png','image/png',954,'2017-02-28 23:27:11','Lightning','2017-02-28 23:27:11','2017-03-07 16:54:34','l','icon','Lightning 120',0),(81,'passing_showers.png','image/png',10764,'2017-03-07 23:15:18','Passing_Temporary_Showers','2017-02-28 23:28:11','2018-01-16 16:55:04','p','symbol','Passing showers 120',0),(82,NULL,NULL,NULL,NULL,'Squally','2017-02-28 23:29:04','2017-03-07 16:56:01','q','symbol','Squally 120',0),(83,'rain_96.png','image/png',751,'2017-02-28 23:29:55','Rain','2017-02-28 23:29:55','2017-03-07 16:56:23','rain','icon','Rain 120',0),(84,'snow_96.png','image/png',865,'2017-02-28 23:35:58','Snow','2017-02-28 23:35:58','2017-03-07 16:56:46','s','icon','Snow 120',0),(85,'flurries_96.png','image/png',642,'2017-02-28 23:36:52','Flurries','2017-02-28 23:36:52','2017-03-07 16:57:07','Flurries','icon','Flurries 120',0),(86,'ice-crystals_96.png','image/png',611,'2017-02-28 23:37:53','Ice_Crystals','2017-02-28 23:37:53','2018-01-16 16:55:25','Ice crystals','icon','Ice crystals 120',0),(87,'snowdrift_96.png','image/png',827,'2017-02-28 23:39:00','Snow_Drift','2017-02-28 23:39:00','2018-01-16 16:55:47','Snow drift','icon','Snow drift 120',0),(88,NULL,NULL,NULL,NULL,'Thunder','2017-02-28 23:49:17','2017-03-07 16:58:22','t','symbol','Thunder 120',0),(89,'thunderstorm_96.png','image/png',903,'2017-02-28 23:52:12','Thunderstorm','2017-02-28 23:52:12','2017-03-07 16:59:12','Thunderstorm','icon','Thunderstorm 120',0),(90,NULL,NULL,NULL,NULL,'Ugly','2017-02-28 23:53:02','2017-02-28 23:53:02','u','symbol',NULL,0),(91,'unusual-visibility_96.png','image/png',1262,'2017-02-28 23:54:17','Visibility','2017-02-28 23:54:18','2017-03-07 16:58:45','Visibility','icon','Visibility 120',0),(92,'dew_96.png','image/png',592,'2017-02-28 23:55:08','Dew','2017-02-28 23:55:08','2017-03-07 16:59:47','w','icon','Dew 120',0),(93,'hoar-frost_96.png','image/png',540,'2017-02-28 23:56:14','Hoar_Frost','2017-02-28 23:56:14','2018-01-16 16:56:08','Hoar frost','icon','Hoar frost 120',0),(94,'silver-thaw_96.png','image/png',950,'2017-02-28 23:57:02','Silver_Thaw','2017-02-28 23:57:02','2018-01-16 16:56:30','Silver thaw','icon','',0),(95,'glazed-frost_96.png','image/png',615,'2017-02-28 23:58:07','Glazed_Frost ','2017-02-28 23:58:07','2018-01-16 16:57:17','Glazed frost ','icon','Glazed frost 120',0),(96,'strong-wind_96.png','image/png',703,'2017-02-28 23:58:56','Strong_Wind','2017-02-28 23:58:56','2018-01-16 16:57:33','Strong wind','icon','Strong wind 120',0),(97,'lunar-corona_96.png','image/png',1060,'2017-03-01 00:00:57','Lunar_Corona','2017-03-01 00:00:57','2018-01-16 16:57:54','Lunar corona','icon','Lunar corona 120',0),(98,'lunar-halo_96.png','image/png',985,'2017-03-01 00:01:55','Lunar_Halo ','2017-03-01 00:01:55','2018-01-16 16:58:07','Lunar halo ','icon','Lunar halo 120',0),(99,'rainbow_96.png','image/png',628,'2017-03-01 00:02:40','Rainbow','2017-03-01 00:02:40','2017-03-07 17:02:33','Rainbow','icon','Rainbow 120',0),(100,NULL,NULL,NULL,NULL,'Snow_On_Ground','2017-03-01 00:03:47','2018-01-16 16:58:33','Snow on ground','symbol','Snow on ground 120',0),(101,'solar-corona_96.png','image/png',967,'2017-03-01 00:04:47','Solar_Corona','2017-03-01 00:04:47','2018-01-16 16:58:51','Solar corona','icon','Solar corona 120',0),(102,'solar-halo_96.png','image/png',1183,'2017-03-01 00:05:50','Solar_Halo ','2017-03-01 00:05:50','2018-01-16 16:59:07','Solar halo ','icon','Solar halo 120',0),(103,'rain.png','image/png',6151,'2017-03-07 23:08:19','Rain','2017-03-07 23:08:19','2017-05-02 17:58:01','r','icon','rain letter 120',0),(104,'light_rain_1.png','image/png',11958,'2017-03-07 23:09:07','Light_Rain','2017-03-07 23:09:07','2018-01-16 16:59:26','r0','icon','light rain 120',0),(105,'heavy_rain.png','image/png',11071,'2017-03-07 23:09:52','Heavy_Rain','2017-03-07 23:09:52','2018-01-16 16:59:52','r2','icon','heavy rain 120',0),(106,'snow.png','image/png',6016,'2017-03-07 23:10:36','Snow','2017-03-07 23:10:36','2017-03-07 23:10:36','s','icon','snow letter 120',0),(107,'light_snow_copy.png','image/png',14275,'2017-03-07 23:11:28','Light_Snow','2017-03-07 23:11:28','2018-01-16 17:00:16','s0','icon','light snow 120',0),(108,'heavy_snow.png','image/png',11352,'2017-03-07 23:12:30','Heavy_Snow','2017-03-07 23:12:30','2018-01-16 17:00:37','s2','icon','heavy snow 120',0),(109,'drizzle.png','image/png',13795,'2017-03-07 23:14:45','Drizzle','2017-03-07 23:14:45','2017-03-07 23:14:45','d','icon','Drizzle 120 letter',0),(110,'Cirrus_Stratus.png','image/png',12946,'2017-03-07 23:17:04','Cirrostratus','2017-03-07 23:17:04','2017-05-02 17:59:16','CiSt','symbol','Cirro-Stratus 100',0),(111,'Cirrus_Cumulus.png','image/png',12848,'2017-03-07 23:17:55','Cirrocumulus','2017-03-07 23:17:56','2017-05-02 17:58:34','CiCu','symbol','Cirro-Cumulus 100',0),(112,'Cumulus_Stratus.png','image/png',12938,'2017-03-07 23:19:21','Cumulostratus','2017-03-07 23:19:21','2017-05-02 17:59:38','CuSt','symbol','Cumulus Stratus 100',0),(113,'cirro-cumulus.png','image/png',27289,'2017-03-07 23:21:10','Cirrocumulus','2017-03-07 23:21:10','2017-05-02 17:59:58','CK','symbol','Cirro-Cumulus 120',0),(114,'cumulus___stratus.png','image/png',19805,'2017-03-07 23:22:19','Cumulostratus','2017-03-07 23:22:19','2017-05-02 18:00:12','KS','symbol','Cumulus Stratus 120',0),(115,'nimbus___cumulus___stratus.png','image/png',9121,'2017-03-07 23:24:18','Cumulonimbostratus','2017-03-07 23:24:18','2017-05-02 18:00:29','CNS','symbol','Cumulo-nimbo-stratus 120',0),(116,'cs.png','image/png',21484,'2017-12-14 22:04:57','Cirrostratus','2017-10-01 20:48:35','2018-01-16 17:47:36','CS','symbol','Cirro-Stratus 120',0),(117,NULL,NULL,NULL,NULL,'Empty','2017-10-07 19:57:45','2018-01-16 17:01:09','','name','',1),(118,NULL,NULL,NULL,NULL,'Illegible','2017-10-07 19:57:45','2018-01-16 17:01:49','','name','',1),(119,NULL,NULL,NULL,NULL,'Retracted','2017-10-07 19:57:45','2018-01-16 17:02:20','','name','',1),(120,NULL,NULL,NULL,NULL,'I','2017-11-02 16:12:37','2017-11-02 18:24:20','I','name','Roman numeral one',0),(121,NULL,NULL,NULL,NULL,'II','2017-11-02 16:13:08','2017-11-02 18:24:46','II','name','Roman numeral two',0),(122,NULL,NULL,NULL,NULL,'III','2017-11-02 16:13:41','2017-11-02 18:25:06','III','name','Roman numeral three',0),(124,'light_cloud.png','image/png',6053,'2017-11-02 17:14:55','Light_Cloud','2017-11-02 16:57:45','2018-01-16 17:03:52','c0','name','light cloud 120',0),(125,NULL,NULL,NULL,NULL,'Heavy_Cloud','2017-11-02 16:58:42','2018-01-16 17:04:04','c2','name','heavy cloud 120',0),(126,NULL,NULL,NULL,NULL,'IV','2017-11-21 16:52:02','2017-11-21 16:52:02','IV','symbol','Roman numeral four',0),(127,'heavy_thunderstorm.png','image/png',26811,'2017-12-03 17:24:06','Heavy_Thunderstorm','2017-12-03 17:24:06','2018-01-16 17:04:32','th2','icon','heavy thunderstorm',0),(128,'haze.png','image/png',22846,'2018-01-15 01:38:47','Haze','2018-01-15 00:32:08','2018-01-15 01:38:47','Haze','icon','Haze 120',0),(129,'hazy.png','image/png',39158,'2018-01-15 01:39:26','Hazy','2018-01-15 01:39:26','2018-01-15 01:40:44','','icon','Hazy 120',0);
/*!40000 ALTER TABLE `field_options` ENABLE KEYS */;
UNLOCK TABLES;

--
-- Table structure for table `field_options_fields`
--

DROP TABLE IF EXISTS `field_options_fields`;
/*!40101 SET @saved_cs_client     = @@character_set_client */;
/*!40101 SET character_set_client = utf8 */;
CREATE TABLE `field_options_fields` (
  `field_option_id` int(11) NOT NULL,
  `field_id` int(11) NOT NULL,
  `id` int(11) NOT NULL AUTO_INCREMENT,
  `sort_order` int(11) DEFAULT NULL,
  PRIMARY KEY (`id`),
  KEY `index_field_options_fields_on_field_option_id` (`field_option_id`),
  KEY `index_field_options_fields_on_field_id` (`field_id`)
) ENGINE=InnoDB AUTO_INCREMENT=613 DEFAULT CHARSET=utf8;
/*!40101 SET character_set_client = @saved_cs_client */;

--
-- Dumping data for table `field_options_fields`
--

LOCK TABLES `field_options_fields` WRITE;
/*!40000 ALTER TABLE `field_options_fields` DISABLE KEYS */;
INSERT INTO `field_options_fields` VALUES (8,16,9,-612946),(7,16,10,-753048),(9,21,12,1733763),(10,21,13,1768788),(11,19,14,-1348481),(12,19,15,-2048991),(13,19,16,-1173354),(14,19,17,-1628685),(15,19,18,-8270942),(16,19,19,-1488583),(17,19,20,1803814),(18,19,21,-2013966),(20,16,22,192641),(21,16,23,-437818),(19,16,24,-788073),(22,16,25,-332742),(23,16,26,-297716),(24,16,27,-367767),(8,22,38,-192640),(19,22,39,-823099),(20,22,40,472845),(21,22,41,-157614),(22,22,42,-577920),(23,22,43,-52538),(24,22,44,-122589),(25,22,45,1418533),(26,22,46,1453559),(27,22,47,1488584),(28,22,48,1523610),(29,22,49,1558635),(30,22,50,1593661),(31,22,51,1628686),(32,22,52,1663712),(33,22,53,1698737),(11,17,72,718023),(12,17,73,753049),(13,17,74,682998),(14,17,75,788074),(15,17,76,928176),(16,17,77,1138329),(17,17,78,1103304),(18,17,79,1383508),(14,23,80,612947),(12,23,81,1208380),(18,23,82,1838839),(17,23,83,1278431),(11,23,84,1173355),(16,23,85,1313457),(15,23,86,1243406),(13,23,87,507870),(40,16,96,-647971),(45,16,97,-402793),(47,19,99,1873865),(47,23,100,1908890),(47,17,101,1943916),(25,16,102,577921),(26,16,103,647972),(27,16,104,823100),(28,16,105,858125),(29,16,107,893151),(30,16,108,963202),(31,16,109,998227),(32,16,110,1033253),(33,16,111,1068278),(39,16,112,-8064620),(39,22,113,-8160941),(40,22,114,-262691),(25,24,119,1978941),(38,24,120,542896),(26,24,121,2013967),(27,24,122,2048992),(28,24,123,2084018),(29,24,124,2119043),(30,24,125,2154069),(31,24,126,2189094),(32,24,127,2224120),(33,24,128,2259145),(39,24,129,2294171),(45,17,131,2329196),(21,17,132,2364222),(21,23,133,2399247),(45,23,134,2434273),(20,23,135,2469298),(20,17,136,2504324),(22,18,141,367768),(24,18,143,-1103303),(48,18,144,-17512),(49,18,145,-1383507),(50,18,146,17513),(51,18,147,52539),(52,18,148,402794),(53,18,149,122590),(54,18,150,297717),(55,18,151,332743),(56,18,152,-1278430),(57,18,153,262692),(58,18,154,-1208379),(59,18,155,-1138328),(61,18,157,-1068277),(62,18,158,-1033252),(63,18,159,2539349),(65,18,160,437819),(22,40,162,-1523609),(23,40,163,-1838838),(24,40,164,-1768787),(48,40,165,-3695190),(49,40,166,-2084017),(50,40,167,-2189093),(51,40,168,-2154068),(54,40,171,-1978940),(55,40,172,-1908889),(56,40,173,-1663711),(57,40,174,-1943915),(58,40,175,-1803813),(59,40,176,-1873864),(61,40,178,-1733762),(62,40,179,-1698736),(63,40,180,-1453558),(64,40,181,-1418532),(65,40,182,-1313456),(64,18,183,2574375),(46,41,186,-4710929),(68,41,188,-4535802),(69,41,189,-3660164),(70,41,190,-4675904),(83,41,191,-3450011),(85,41,193,-2854578),(86,41,194,-2714476),(87,41,195,-2819552),(89,41,196,-3134782),(91,41,197,-2294170),(92,41,198,-2679450),(93,41,199,-2434272),(94,41,200,-2364221),(95,41,201,-2539348),(96,41,202,-2259144),(97,41,203,-1593660),(98,41,204,-1558634),(99,41,205,87564),(100,41,206,-2644425),(101,41,207,157615),(102,41,208,227666),(82,41,209,-3029705),(81,41,210,-3169807),(80,41,211,-3064731),(79,41,212,-2749501),(78,41,213,-2784527),(77,41,214,-2504323),(76,41,215,-2329195),(75,41,216,-2609399),(74,41,217,-2399246),(73,41,218,-2574374),(72,41,219,-2469297),(71,41,220,-3204833),(36,41,223,-2994680),(35,41,224,-2224119),(46,52,226,-8178454),(68,52,227,-8108403),(69,52,228,-7793173),(70,52,229,-8143428),(83,52,230,-7758148),(71,52,231,-7583020),(81,52,232,-7442918),(84,52,233,-7057638),(87,52,234,-6777434),(86,52,235,-5516516),(89,52,236,-6111949),(88,52,237,-6041898),(72,52,239,-6567281),(73,52,240,-5341388),(80,52,241,-6006873),(82,52,242,-5936822),(85,52,243,-5761694),(78,52,244,-6847485),(79,52,245,-6812459),(92,52,246,-6672357),(93,52,247,-5201286),(35,52,251,-6252051),(74,52,252,-5166261),(75,52,253,-5411439),(76,52,254,-5096210),(77,52,255,-5236312),(91,52,256,-6287077),(95,52,257,-5271337),(96,52,258,-5061184),(97,52,259,-4921082),(98,52,260,-6182000),(99,52,261,-4886057),(100,52,262,-5481490),(101,52,263,-4185547),(102,52,264,-4220572),(46,51,265,-6602306),(68,51,266,-6497230),(69,51,267,-5691643),(70,51,268,-6532255),(83,51,270,-5621592),(71,51,271,-4395700),(81,51,272,-4325649),(84,51,273,-4010419),(87,51,274,-4115496),(85,51,275,-4150521),(86,51,276,-3835292),(89,51,277,-4290623),(88,51,278,-4500776),(80,51,279,-4465751),(82,51,280,-4430725),(78,51,282,-4080470),(79,51,283,-4045445),(92,51,284,-3625139),(72,51,285,-3590113),(73,51,286,-3870317),(74,51,287,-3520062),(91,51,288,2609400),(75,51,289,-3905343),(76,51,290,-3344935),(77,51,291,-3730215),(93,51,292,-3555088),(94,51,293,-3379960),(95,51,294,-3765241),(96,51,295,-3309909),(35,51,296,2644426),(99,51,297,2714477),(97,51,298,2679451),(98,51,299,-3485037),(101,51,300,2749502),(102,51,301,2784528),(100,51,302,-3975394),(88,41,303,-3099756),(46,56,304,-7407893),(68,56,306,-7232765),(69,56,307,-7092663),(70,56,308,-7372867),(83,56,309,-6882510),(71,56,310,-6462204),(81,56,311,-6357128),(84,56,312,-5726669),(87,56,313,-6076924),(85,56,314,-5306363),(86,56,315,-5971847),(89,56,316,-6427179),(88,56,317,-6392153),(80,56,318,-5901796),(82,56,319,-5866771),(78,56,320,-4991133),(79,56,321,-4956108),(92,56,322,-4780980),(73,56,323,-5831745),(72,56,324,-5796720),(74,56,325,-5656618),(91,56,326,-4360674),(75,56,327,-4745955),(76,56,328,-5551541),(77,56,329,-4605853),(93,56,330,-4570827),(94,56,331,-5586567),(95,56,332,-4640878),(96,56,333,2819553),(35,56,334,2854579),(99,56,335,-5376414),(97,56,336,2889604),(98,56,337,2924630),(101,56,338,2959655),(102,56,339,2994681),(103,41,340,-3414986),(104,41,341,-3274884),(105,41,342,-3239858),(106,41,343,-2959654),(107,41,344,-2889603),(108,41,345,-2924629),(103,51,347,-5446465),(104,51,348,-5026159),(105,51,349,-4851031),(106,51,350,-3940368),(107,51,351,-3800266),(108,51,352,-4255598),(103,52,353,-7723122),(104,52,354,-7653071),(94,52,355,-5131235),(105,52,356,-7618046),(106,52,357,-7022612),(107,52,358,-6987587),(108,52,359,-6917536),(112,22,364,-718022),(111,16,366,-507869),(112,16,367,-472844),(110,16,370,-542895),(41,53,376,-963201),(43,53,378,-1243405),(44,53,379,-998226),(45,53,380,3029706),(114,53,382,-928175),(115,53,383,-858124),(24,53,384,3064732),(22,53,385,3099757),(23,53,386,-8055864),(25,53,388,3169808),(26,53,389,3204834),(27,53,390,3274885),(28,53,391,-8219840),(29,53,392,3309910),(30,53,393,3344936),(31,53,394,3379961),(32,53,395,3414987),(33,53,396,3450012),(39,53,397,3485038),(46,53,398,-682997),(43,54,399,3520063),(44,54,400,3555089),(41,54,401,3590114),(113,54,403,3625140),(114,54,404,-893150),(115,54,405,3660165),(21,54,406,3695191),(24,54,407,3730216),(22,54,408,3765242),(52,54,409,3800267),(46,54,410,3835293),(25,54,411,3870318),(26,54,412,3905344),(27,54,413,3940369),(28,54,414,3975395),(29,54,415,4010420),(30,54,416,4045446),(31,54,417,4080471),(32,54,418,4115497),(33,54,419,4150522),(39,54,420,4185548),(100,56,421,-4816006),(103,56,422,-6742408),(104,56,423,-6707383),(105,56,424,-6637332),(106,56,425,-6322102),(107,56,426,-6217026),(108,56,427,-6146975),(83,57,428,4220573),(104,57,429,4255599),(104,57,430,4290624),(105,57,431,4360675),(104,57,432,4325650),(106,57,433,4395701),(107,57,434,4430726),(108,57,435,4465752),(67,57,436,-8318556),(68,57,437,-8248505),(69,57,438,-8213479),(70,57,439,-8283530),(70,57,440,4500777),(71,57,441,-8038352),(81,57,442,-8003326),(84,57,443,-7828199),(87,57,444,4535803),(85,57,445,-7688097),(86,57,446,-7547995),(89,57,447,-7968301),(88,57,448,-7933275),(80,57,449,-7898250),(82,57,450,-7863224),(78,57,451,4570828),(79,57,452,4605854),(92,57,453,4640879),(73,57,454,4675905),(72,57,455,4710930),(73,57,456,4745956),(74,57,457,4780981),(91,57,458,4816007),(75,57,459,-7477944),(76,57,460,-7127689),(77,57,461,-7302816),(93,57,462,-7267791),(94,57,463,-7197740),(95,57,464,-7337842),(93,57,465,4851032),(96,57,466,-7162714),(35,57,467,4886058),(99,57,468,-6952561),(100,57,469,-7512969),(97,57,470,4921083),(97,57,471,4956109),(98,57,472,4991134),(101,57,473,5026160),(102,57,474,5061185),(53,40,475,-2119042),(46,80,476,5096211),(70,80,477,5131236),(68,80,478,5166262),(69,80,479,5201287),(83,80,480,5236313),(103,80,481,5271338),(104,80,482,5306364),(105,80,483,5341389),(109,80,484,5376415),(81,80,485,5411440),(34,80,486,5446466),(88,80,487,5481491),(80,80,488,5516517),(82,80,489,5551542),(84,80,490,5586568),(106,80,491,5621593),(107,80,492,5656619),(108,80,493,5691644),(85,80,494,5726670),(87,80,495,5761695),(78,80,496,5796721),(79,80,497,5831746),(86,80,498,5866772),(100,80,499,5901797),(92,80,500,5936823),(75,80,501,5971848),(73,80,502,6006874),(72,80,503,6041899),(95,80,504,6076925),(93,80,505,6111950),(74,80,506,6146976),(94,80,507,6182001),(76,80,508,6217027),(96,80,509,6252052),(91,80,510,6287078),(35,80,511,6322103),(97,80,512,6357129),(98,80,513,6392154),(99,80,514,6427180),(101,80,515,6462205),(102,80,516,6497231),(46,82,517,6532256),(70,82,518,6567282),(68,82,519,6602307),(69,82,520,6637333),(83,82,521,6672358),(103,82,522,6707384),(104,82,523,6742409),(105,82,524,6777435),(71,82,529,6812460),(81,82,530,6847486),(34,82,531,6882511),(88,82,532,6917537),(80,82,533,6952562),(82,82,534,6987588),(84,82,535,7022613),(106,82,536,7057639),(107,82,537,7092664),(108,82,538,7127690),(85,82,539,7162715),(87,82,540,7197741),(78,82,541,7232766),(79,82,542,7267792),(86,82,543,7302817),(100,82,544,7337843),(92,82,545,7372868),(75,82,546,7407894),(73,82,547,7442919),(72,82,548,7477945),(95,82,549,7512970),(93,82,550,7547996),(74,82,551,7583021),(94,82,552,7618047),(76,82,553,7653072),(96,82,554,7688098),(91,82,555,7723123),(35,82,556,7758149),(97,82,557,7793174),(98,82,558,7828200),(99,82,559,7863225),(101,82,560,7898251),(102,82,561,7933276),(116,54,564,-8073377),(42,54,565,-8353581),(120,56,567,8003327),(121,56,568,8038353),(122,56,569,8073378),(120,40,571,8143429),(121,40,572,8178455),(122,40,573,8213480),(120,51,575,8283531),(121,51,576,8353582),(122,51,577,8318557),(120,57,579,8379851),(121,57,580,8384229),(122,57,581,8386418),(120,80,583,8388060),(121,80,584,8388334),(122,80,585,8388471),(124,82,587,-8266017),(125,82,588,-8257261),(124,41,589,-8268206),(125,41,590,-8267111),(124,52,591,-8278604),(125,52,592,-8273678),(42,53,593,-8230992),(120,42,594,8388539),(121,42,595,8388573),(122,42,596,8388590),(126,42,597,8388599),(127,52,598,8388603),(116,53,599,-8222235),(113,53,600,-8217857),(129,52,601,-7600533),(128,52,602,-7609289),(128,51,605,-7635558),(129,51,606,-7626802),(128,41,607,-7740635),(129,41,608,-7731878),(38,22,609,-8239748),(38,16,610,-8221824),(38,53,611,-8226613),(38,54,612,-8222106);
/*!40000 ALTER TABLE `field_options_fields` ENABLE KEYS */;
UNLOCK TABLES;

--
-- Table structure for table `field_translations`
--

DROP TABLE IF EXISTS `field_translations`;
/*!40101 SET @saved_cs_client     = @@character_set_client */;
/*!40101 SET character_set_client = utf8 */;
CREATE TABLE `field_translations` (
  `id` int(11) NOT NULL AUTO_INCREMENT,
  `field_id` int(11) NOT NULL,
  `locale` varchar(255) COLLATE utf8_unicode_ci NOT NULL,
  `created_at` datetime NOT NULL,
  `updated_at` datetime NOT NULL,
  `name` varchar(255) COLLATE utf8_unicode_ci DEFAULT NULL,
  `full_name` varchar(255) COLLATE utf8_unicode_ci DEFAULT NULL,
  `help` text COLLATE utf8_unicode_ci,
  PRIMARY KEY (`id`),
  KEY `index_field_translations_on_field_id` (`field_id`),
  KEY `index_field_translations_on_locale` (`locale`)
) ENGINE=InnoDB AUTO_INCREMENT=159 DEFAULT CHARSET=utf8 COLLATE=utf8_unicode_ci;
/*!40101 SET character_set_client = @saved_cs_client */;

--
-- Dumping data for table `field_translations`
--

LOCK TABLES `field_translations` WRITE;
/*!40000 ALTER TABLE `field_translations` DISABLE KEYS */;
INSERT INTO `field_translations` VALUES (1,4,'en','2017-08-04 04:28:10','2017-08-04 04:28:10','Barometer Observed','Barometer initial reading','Measurement of atmospheric pressure using inches of mercury as a unit. Range 26.000-33.000'),(2,5,'en','2017-08-04 04:28:10','2017-08-04 04:28:10','Barometer Attd Ther','thermometer attached to barometer','Temperature of the mercury barometer column, used to correct the mercury for thermal expansion.  Range 30°F-100°F\r\n'),(3,6,'en','2017-08-04 04:28:10','2017-08-04 04:28:10','Barometer Corrected for Instrumental Error','Barometer Corrected for Instrumental Error','Pressure adjusted to account for the error of the instrument used. Range 26.000-33.000'),(4,7,'en','2017-08-04 04:28:10','2017-08-04 04:28:10','Barometer Reduced to Temp 32°','Barometer Reduced to Temp 32°','Pressure measurement reduced to 32°F (equal to 0°C). Range 26.000-33.000'),(5,8,'en','2017-08-04 04:28:10','2017-08-04 04:28:10','Barometer Reduced to Sea Level','Barometer Reduced to Sea Level','Pressure reduced to sea elevation. Range 26.000-33.000'),(6,9,'en','2017-08-04 04:28:10','2017-08-04 04:28:10','Temp of the Air Observed','Temperature of the Air Observed','Temperature as observed on the thermometer (measured in ° fahrenheit). Range -45° to 120°F'),(7,10,'en','2017-08-04 04:28:10','2017-08-04 04:28:10','Temp of the Air Corrected','Temperature of the Air Corrected','Temperature measurement corrected to account for the instrumental error. Range -45 to 120°F'),(8,11,'en','2017-08-04 04:28:10','2017-08-04 04:28:10','Wet Bulb Observed','Wet Bulb Temperature Observed','Measurement of the temperature the air would have if it were cooled to saturation (100% relative humidity) by the evaporation of water. Range -45 to 120°F'),(9,12,'en','2017-08-04 04:28:10','2017-08-04 04:28:10','Wet Bulb Corrected','Wet Bulb Temperature Corrected','Wet Bulb measurement corrected for instrumental error. Range -45 to 120°F'),(10,13,'en','2017-08-04 04:28:10','2017-08-04 04:28:10','Difference','difference dry bulb-wet bulb','Difference between the \'Temperature of the Air\' and the \'Wet Bulb\'. A difference of zero indicates saturated air (fog)'),(11,14,'en','2017-08-04 04:28:10','2017-08-04 04:28:10','Pressure Vapor','Vapor Pressure','Partial pressure exerted by the water vapour in the atmosphere.\r\n'),(12,15,'en','2017-08-04 04:28:10','2017-08-04 04:28:10','Relative Humidity','Relative Humidity','The amount of water vapor present in the air expressed as a percentage of the saturation amount (Range 0-100%)'),(13,16,'en','2017-08-04 04:28:10','2017-08-04 04:28:10','Upper Cloud type ','Upper Cloud type 110','Select a combination of options for the cloud type and amount of cloud cover (1-10). Some clouds are composed of multiple types.  Please select each type you see written. For example, for \"Cu St\", select \"Cu\" then \"St\". For more please see FAQ'),(14,17,'en','2017-08-04 04:28:10','2017-08-04 04:28:10','Upper Cloud Direction','Upper Cloud Direction','Direction of Cloud movement in the upper atmosphere. Select one.'),(15,18,'en','2017-08-04 04:28:10','2017-08-04 04:28:10','Weather ','Weather 110','Weather descriptors.'),(16,19,'en','2017-08-04 04:28:10','2017-08-04 04:28:10','Wind Direction','Wind Direction','The direction from which the wind blows. Select from the options below.'),(17,20,'en','2017-08-04 04:28:10','2017-08-04 04:28:10','Wind Velocity','Wind Velocity','Measurement of wind speed.'),(18,21,'en','2017-08-04 04:28:10','2017-08-04 04:28:10','S or in G','Wind S or in G','Is the wind Steady or in Gusts?'),(19,22,'en','2017-08-04 04:28:10','2017-08-04 04:28:10','Lower Clouds ','Lower cloud type 110','Select the option or options that corresponds the type of cloud.'),(20,23,'en','2017-08-04 04:28:10','2017-08-04 04:28:10','Lower Direction','Lower Cloud Direction','Direction of cloud movement in the lower atmosphere. Select one.'),(21,24,'en','2017-08-04 04:28:10','2017-08-04 04:28:10','Total in Tenths','Cloud Total in Tenths','This represents the fraction of the sky (out of ten) that is covered by clouds.'),(22,25,'en','2017-08-04 04:28:10','2017-08-04 04:28:10','Rain Began','Time Rain Began','Time at which rain began.'),(23,26,'en','2017-08-04 04:28:10','2017-08-04 04:28:10','Rain Ended','Time Rain Ended','Time at which rain ended.'),(24,27,'en','2017-08-04 04:28:10','2017-08-04 04:28:10','Depth in Inches','Depth of Rain in Inches','Depth of rain collected in the rain gauge since the last observation.'),(25,28,'en','2017-08-04 04:28:10','2017-08-04 04:28:10','Snow Began','Time Snow Began','Time at which snow began to fall.'),(26,29,'en','2017-08-04 04:28:10','2017-08-04 04:28:10','Snow Ended','Time Snow Ended','Time at which snow ended.'),(27,30,'en','2017-08-04 04:28:10','2017-08-04 04:28:10','Depth in Inches','Depth of Snow in Inches','Total snow depth that fell since the previous observation.'),(28,31,'en','2017-08-04 04:28:10','2017-08-04 04:28:10','Rain and Melted Snow','Depth of Rain and Melted Snow','Sum of rain and water content of snow.'),(29,33,'en','2017-08-04 04:28:10','2017-08-04 04:28:10','Dewpoint','Dewpoint','Dewpoint is the temperature at which moisture in the atmosphere would start to condense, that is, to form dew.'),(30,34,'en','2017-08-04 04:28:11','2017-08-04 04:28:11','Anemometer Dial Reading','Anemometer Reading of Dial','This field is often left blank in this document and entered into a separate ledger'),(31,35,'en','2017-08-04 04:28:11','2017-08-04 04:28:11','Anemometer Miles','Anemometer miles since last Observations','This field is often left blank as observations entered into separate ledger'),(32,36,'en','2017-08-04 04:28:11','2017-08-04 04:28:11','Maximum Ther Observed','Maximum Thermometer Observed','The maximum temperature is read only once a day. Range from -45°F to +120°F'),(33,37,'en','2017-08-04 04:28:11','2017-08-04 04:28:11','Maximum Ther Corrected','Maximum Thermometer Corrected','Maximum temperature corrected for instrument error. Range -45 to 120°\r\nF'),(34,38,'en','2017-08-04 04:28:11','2017-08-04 04:28:11','Minimum Ther Observed','Minimum Thermometer Observed','Minimum temperature observed once a day.  Range from -45°F to 120°\r\nF'),(35,39,'en','2017-08-04 04:28:11','2017-08-04 04:28:11','Minimum Ther Corrected','Minimum Thermometer Corrected','Minimum temperature observed once a day.  Range from -45°F to 120°\r\nF'),(36,40,'en','2017-08-04 04:28:11','2017-08-04 04:28:11','Phenomena at Observation','Phenomena at Observation 110','Any atmospheric or weather noted at observation time '),(37,41,'en','2017-08-04 04:28:11','2017-08-04 04:28:11','Weather since last Observation','Weather since last Observation 120','Weather occurring since last observation time '),(38,42,'en','2017-08-04 04:28:11','2017-08-04 04:28:11','Aurora Class and Time','Aurora class and time','Aurora are classed in categories I-IV (1-4)'),(39,43,'en','2017-08-04 04:28:11','2017-08-04 04:28:11','Ozone','Ozone','Ozone was found difficult to measure and often left blank'),(40,44,'en','2017-08-04 04:28:11','2017-08-04 04:28:11','Remarks','Remarks','Any other comments or remarks concerning the observations'),(41,45,'en','2017-08-04 04:28:11','2017-08-04 04:28:11','Initials of Observer','Initials of Observer','The first initials of the observer\'s name'),(42,46,'en','2017-08-04 04:28:11','2017-08-04 04:28:11','Aurora Time','Time of Aurora','Time of aurora'),(43,47,'en','2017-08-04 04:28:11','2017-08-04 04:28:11','Aurora Class','Aurora Class','Class of Aurora, intensity I-IV (1-4)'),(44,48,'en','2017-08-04 04:28:11','2017-08-04 04:28:11','Anemometer Miles in Last 24 Hours','Anemometer Miles in Last 24 Hours','Distance in miles the wind has run in the last 24 hours'),(45,49,'en','2017-08-04 04:28:11','2017-08-04 04:28:11','Sleighing Quality','Sleighing Quality 1-3','A measure of the ease of transport over snow roads by horse and sleigh, rated from 1 to 3.'),(46,50,'en','2017-08-04 04:28:11','2017-08-04 04:28:11','Total Snow on Ground','Total Snow on Ground','Total amount of snow accumulated on the ground'),(47,51,'en','2017-08-04 04:28:11','2017-08-04 04:28:11','Weather and Phenomena since last Observation','Weather and Phenomena since last Observation','Weather and other atmospheric phenomena which occurred between observations'),(48,52,'en','2017-08-04 04:28:11','2017-08-04 04:28:11','Weather','Weather 120','Descriptions of the weather in symbolic form. For more on weather symbols, please see the FAQ'),(49,53,'en','2017-08-04 04:28:11','2017-10-01 20:49:36','Lower cloud type','Lower cloud type 120 and later','Abbreviations of cloud type and amount in tenths (0-10). Some clouds are composed of multiple types.  Please select each type you see written. For example, for \"N S\", select \"N\" then \"S\". For more please see FAQ'),(50,54,'en','2017-08-04 04:28:11','2017-10-01 20:51:51','Upper Cloud type','Upper Cloud type 120 and later','Abbreviations of cloud type and amount in tenths (0-10). Some clouds are composed of multiple types. Please select each type you see written. For example, for \"N S\", select \"N\" then \"S\". For more please see FAQ'),(51,56,'en','2017-08-04 04:28:11','2017-08-04 04:28:11','Phenomena at Observation','Phenomena at Observation 120','Any atmospheric phenomena at the time the weather observation is made'),(52,57,'en','2017-08-04 04:28:11','2017-08-04 04:28:11','Phenomena and time of occurrence','Phenomena and time of occurrence 130','Atmospheric phenomena such as rainbows, solar or lunar halos, aurora'),(53,58,'en','2017-08-04 04:28:11','2017-08-04 04:28:11','Relative Humidity ','Relative Humidity from wet and dry thermometers','Relative humidity calculated from the difference wet and dry thermometers'),(54,59,'en','2017-08-04 04:28:11','2017-08-04 04:28:11','Relative Humidity (Hydrograph)','Relative Humidity from Hydrograph','Relative Humidity as recorded by the hydrograph'),(55,60,'en','2017-08-04 04:28:11','2017-08-04 04:28:11','Hygrometer','Hygrometer','Humidity value as recorded by the hydrograph'),(56,61,'en','2017-08-04 04:28:11','2017-08-04 04:28:11','Wind Steady or Variable','Wind description','Description of wind as steady or variable (gusts or intermittent)'),(57,62,'en','2017-08-04 04:28:11','2017-08-04 04:28:11','Grass minimum','Radiation','Minimum temperature as recorded directly on the ground.  This helps to estimate long-wave radiation (heat lost from the surface of the Earth)'),(58,63,'en','2017-08-04 04:28:11','2017-08-04 04:28:11','Solar temperature','Radiation blackbulb thermometer 250','The temperature recorded by a thermometer covered in black ink to estimate the amount of solar radiation. Due to a misprint, this value is written in the relative humidity column'),(59,64,'en','2017-08-04 04:28:11','2017-08-04 04:28:11','Blackbulb temperature','Radiation blackbulb thermometer','The temperature recorded by a thermometer covered in black ink to estimate the amount of solar radiation'),(60,65,'en','2017-08-04 04:28:11','2017-08-04 04:28:11','Hours of sunshine','Total hours of bright sunshine','The number of hours of bright, strong sunshine recorded during the day by a Campbell-Stokes recorded'),(61,66,'en','2017-08-04 04:28:11','2017-08-04 04:28:11','Thunderstorm','Thunderstorm','Record of thunderstorms during the day'),(62,67,'en','2017-08-04 04:28:11','2017-09-21 22:18:44','City Hall Barometer (printed heading Reading of Dial)','City Hall Barometer','The barometer reading from another observatory at Montreal\'s City Hall.  Note that these are not the anemometer values as indicated in the column heading'),(63,68,'en','2017-08-04 04:28:11','2017-09-21 22:20:02','City Hall Att\'d Therm (printed title Miles Since Last Observ)','City Hall Attached Thermometer','Thermometer reading for the barometer kept at City Hall.  Note that this does not match the column heading'),(64,69,'en','2017-08-04 04:28:11','2017-08-04 04:28:11','City Hall Corr. Bar','City Hall Corrected Barometer','Corrected barometer reading for City Hall.  Note that this does not match the column heading'),(65,70,'en','2017-08-04 04:28:11','2017-08-04 04:28:11','Rain Duration','Rain Duration 220','Amount of time rain lasted'),(66,71,'en','2017-08-04 04:28:11','2017-08-04 04:28:11','Snow Duration','Snow Duration 220','Amouunt of time snow lasted'),(67,72,'en','2017-08-04 04:28:11','2017-08-04 04:28:11','Pressure of vapour (hygro)','Pressure of Vapour/Hygrometer type 230','The values entered in the column are from a hygrometer, which measures humidity, and is not the vapour pressure as indicated in the column heading'),(68,73,'en','2017-08-04 04:28:11','2017-08-04 04:28:11','Relative Humidity (wet & dry)','Relative Humidity wet & dry 230','The relative humidity indicated here is calculated from the wet and dry bulb thermometers'),(69,74,'en','2017-08-04 04:28:11','2017-08-04 04:28:11','Extra Humidity Reading','Extra Humidity Reading 220','A second relative humidity reading is sometimes entered to the right of the Relative Humidity printed column.'),(70,75,'en','2017-08-04 04:28:11','2017-08-04 04:28:11','Vapour Pressure/Humidity Wet & Dry','Vapour Pressure Relative Humidity Wet & Dry 240','Relative Humidity from Wet and Dry bulb thermometer.  Note that the observation is not the same as indicated in the column heading'),(71,76,'en','2017-08-04 04:28:11','2017-08-04 04:28:11','Min T','Minimum Temperature 250','Due to a misprint page 1 repeated instead of printing page, the column headings don\'t match up with the observed value. The minimum temperature is entered in the \"Air Temperature\" column'),(72,77,'en','2017-08-04 04:28:11','2017-08-04 04:28:11','Min T Corr','Minimum Temperature Corrected 250','Due to a misprint page 1 repeated instead of printing page, the column headings don\'t match up with the observed value. The corrected minimum temperature is entered in the \"Corrected Air Temperature\" column'),(73,78,'en','2017-08-04 04:28:11','2017-08-04 04:28:11','Max T','Maximum Temperature 250','Due to a misprint page 1 repeated instead of printing page, the column headings don\'t match up with the observed value. The maximum temperature is entered in the \"Wet bulb Temperature\" column'),(74,79,'en','2017-08-04 04:28:11','2017-08-04 04:28:11','Max T Corr','Maximum Temperature Corrected 250','Due to a misprint page 1 repeated instead of printing page, the column headings don\'t match up with the observed value. The corrected maximum temperature is entered in the \"Corrected Wet Bulb Temperature\" column'),(75,80,'en','2017-08-04 04:28:11','2017-08-04 04:28:11','Phenomena at Observation','Phenomena at Observation 250','Due to a misprint page 1 repeated instead of printing page, the column headings don\'t match up with the observed value. The Phenomena at Observation are written in the humidity columns'),(76,81,'en','2017-08-04 04:28:11','2017-08-04 04:28:11','Grass minimum','Grass Minimum 250','Due to a misprint, page 1 was repeated twice, with no page 2 printed.  Here, the grass minimum thermometer estimates the long-wave radiation from the Earth\'s surface'),(77,82,'en','2017-08-04 04:28:11','2017-08-04 04:28:11','Weather Since last Observation','Weather Since last Observation 250','Due to a misprint, page 1 was repeated twice with no page two printed.  Here, the weather since the last observation is recorded in the \"Weather\" column'),(78,83,'en','2017-08-04 04:28:11','2017-08-04 04:28:11','Remarks','Remarks 250','Due to a misprint, page 1 was repeated twice with no page 2 printed.  Here the \"Remarks\" observation is written in the second half of page 1.'),(80,4,'fr','2017-10-11 22:00:00','2017-10-11 22:00:00','Hauteur barométrique observée','Hauteur barométrique initiale ','Mesure la pression atmosphérique grâce à la hauteur d\'une colonne de mercure. Variation allant de 26.000 à 33.000. '),(81,5,'fr','2017-10-11 22:00:00','2017-10-11 22:00:00','Thermomètre attaché au baromètre ','Thermomètre attaché au baromètre','Température de la colonne de mercure du baromètre afin d\'éviter la dilatation thermique. Variation allant de 30 °F à 100 °F. \n'),(82,6,'fr','2017-10-11 22:00:00','2017-10-11 22:00:00','Hauteur barométrique corrigée (risque d\'erreur instrumentale)','Hauteur barométrique corrigée (risque d\'erreur instrumentale)','Pression ajustée pour tenir compte de l\'erreur de l\'instrument utilisé.  Variation allant de 26.000 à 33.000. '),(83,7,'fr','2017-10-11 22:00:00','2017-10-11 22:00:00','Température du baromètre réduite à 32 °F','Température du baromètre réduite à 32 °F','Mesure de la pression réduite à 32 °F (ou 0 °C). Variation allant de 26.000 à 33.000.'),(84,8,'fr','2017-10-11 22:00:00','2017-10-11 22:00:00','Hauteur baromètrique réduite au niveau de la mer','Hauteur baromètrique réduite au niveau de la mer','Pression réduite au niveau de la mer. Variation allant de 26.000 à 33.000.'),(85,9,'fr','2017-10-11 22:00:00','2017-10-11 22:00:00','Température de l\'air observée','Température de l\'air observée','Température telle qu\'observée sur le thermomètre (mesurée en Fahrenheit). Variation allant de -45 °F à 120 °F. '),(86,10,'fr','2017-10-11 22:00:00','2017-10-11 22:00:00','Température de l\'air corrigée','Température de l\'air corrigée','Température ajustée pour tenir compte de l\'erreur de l\'instrument utilisé. Variation allant de - 45 °F à 120 °F. '),(87,11,'fr','2017-10-11 22:00:00','2017-10-11 22:00:00','Thermomètre mouillé observé','Thermomètre mouillé observé','Température qu\'aurait l\'air s\'il était refroidi jusqu\'à saturation (100 % d\'humidité relative) par l\'évaportation de l\'eau. Variation allant de -45 °F à 120 °F.'),(88,12,'fr','2017-10-11 22:00:00','2017-10-11 22:00:00','Thermomètre mouillé corrigé','Thermomètre mouillé corrigé','Mesure du thermomètre mouillé ajustée pour tenir compte de l\'erreur de l\'instrument utilisé. Variation allant de -45 °F à 120 °F. '),(89,13,'fr','2017-10-11 22:00:00','2017-10-11 22:00:00','Différence ','Différence entre les thermomètres mouillé et sec','Différence entre la « Température de l\'air » et le « Thermomètre mouillé ». Une différence de zéro indique que l\'air est saturé (brouillard). '),(90,14,'fr','2017-10-11 22:00:00','2017-10-11 22:00:00','Pression de la vapeur ','Pression de la vapeur ','Pression partielle exercée par la vapeur d\'eau dans l\'atmosphère. \n'),(91,15,'fr','2017-10-11 22:00:00','2017-10-11 22:00:00','Humidité relative ','Humidité relative','Quantité de vapeur d\'eau contenue dans l\'air, exprimée en pourcentage de la saturation de l\'air (variation allant de 0 % à 100 %). '),(92,16,'fr','2017-10-11 22:00:00','2017-10-11 22:00:00','Nuages de l\'étage supérieur ','Nuages de l\'étage supérieur ','Sélectionnez le type des nuages et le degré de couverture nuageuse (de 1 à 10). Certains nuages sont composés de plusieurs types. Sélectionnez tous les types qui sont notés. Par exemple, lorsque vous voyez « Cu St » inscrit dans le registre, sélectionnez « Cu », puis « St ». Pour de plus amples informations, référez-vous à notre page FAQ. '),(93,17,'fr','2017-10-11 22:00:00','2017-10-11 22:00:00','Direction des nuages de l\'étage supérieur','Direction des nuages de l\'étage supérieur','Sélectionnez la direction du déplacement des nuages de l\'atmosphère supérieure. '),(94,18,'fr','2017-10-11 22:00:00','2017-10-11 22:00:00','Météo','Météo 110','Description de la météo. '),(95,19,'fr','2017-10-11 22:00:00','2017-10-11 22:00:00','Direction du vent','Direction du vent','Sélectionnez la direction du souffle du vent parmi les options proposées. '),(96,20,'fr','2017-10-11 22:00:00','2017-10-11 22:00:00','Vecteur vent','Vecteur vent','Mesure la vitesse du vent. '),(97,21,'fr','2017-10-11 22:00:00','2017-10-11 22:00:00','S ou G','Vent S ou G','Vent constant ou rafales de vent ?'),(98,22,'fr','2017-10-11 22:00:00','2017-10-11 22:00:00','Nuages de l\'étage inférieur','Nuage de l\'étage inférieur 110','Choississez le ou les type(s) de nuages approprié(s). '),(99,23,'fr','2017-10-11 22:00:00','2017-10-11 22:00:00','Direction des nuages de l\'étage inférieur','Direction des nuages de l\'étage inférieur','Sélectionnez la direction du déplacement des nuages de l\'atmosphère supérieure.'),(100,24,'fr','2017-10-11 22:00:00','2017-10-11 22:00:00','Total en dixièmes','Total de nuages en dixièmes','Fraction du ciel (en dixièmes) qui est recouverte de nuages.'),(101,25,'fr','2017-10-11 22:00:00','2017-10-11 22:00:00','Début de la pluie','Heure du début de la pluie ','Heure à laquelle la pluie a commencé. '),(102,26,'fr','2017-10-11 22:00:00','2017-10-11 22:00:00','Fin de la pluie','Heure de fin de la pluie','Heure à laquelle la pluie s\'est arrêtée. '),(103,27,'fr','2017-10-11 22:00:00','2017-10-11 22:00:00','Quantité en pouces ','Quantité de pluie en pouces ','Quantité de pluie recueillie par le pluviomètre depuis la dernière observation. '),(104,28,'fr','2017-10-11 22:00:00','2017-10-11 22:00:00','Début de la neige ','Heure du début de la neige ','Heure à laquelle la neige a commencé. '),(105,29,'fr','2017-10-11 22:00:00','2017-10-11 22:00:00','Fin de la neige','Fin de la neige','Heure à laquelle la neige s\'est arrêtée. '),(106,30,'fr','2017-10-11 22:00:00','2017-10-11 22:00:00','Quantité en pouces ','Quantité de neige en pouces ','Quantité de neige tombée depuis la dernière observation. '),(107,31,'fr','2017-10-11 22:00:00','2017-10-11 22:00:00','Pluie et neige fondue ','Quantité de pluie et de neige fondue','Somme des quantités de pluie et d\'eau contenue dans la neige. '),(108,33,'fr','2017-10-11 22:00:00','2017-10-11 22:00:00','Point de rosée','Point de rosée','Température à laquelle l\'humidité atmosphérique commence à se condenser, soit à former de la rosée.  '),(109,34,'fr','2017-10-11 22:00:00','2017-10-11 22:00:00','Lecture du cadran de l\'anémomètre ','Lecture du cadran de l\'anémomètre','La colonne est souvent vide, cette observation étant notée dans un registre à part. '),(110,35,'fr','2017-10-11 22:00:00','2017-10-11 22:00:00','Milles mesurés par l\'anémomètre ','Milles mesurés par l\'anémomètre depuis la dernière observation','La colonne est souvent vide, cette observation étant notée dans un registre à part. '),(111,36,'fr','2017-10-11 22:00:00','2017-10-11 22:00:00','Température maximale observée','Température maximale observée','La température maximale n\'est lue qu\'une fois par jour. Variation allant de  -45 °F à 120 °F.'),(112,37,'fr','2017-10-11 22:00:00','2017-10-11 22:00:00','Température maximale corrigée','Température maximale corrigée','Température maximale ajustée pour tenir compte de l\'erreur de l\'instrument utilisé.  Variation allant de -45 °F to 120 °F. '),(113,38,'fr','2017-10-11 22:00:00','2017-10-11 22:00:00','Température minimale observée','Température minimale observée','La température minimale n\'est lue qu\'une fois par jour. Variation allant de  -45 °F à 120 °F.'),(114,39,'fr','2017-10-11 22:00:00','2017-10-11 22:00:00','Température minimale corrigée','Température minimale corrigée','Température minimale ajustée pour tenir compte de l\'erreur de l\'instrument utilisé.  Variation allant de -45 °F to 120 °F. '),(115,40,'fr','2017-10-11 22:00:00','2017-10-11 22:00:00','Phénomènes au moment de l\'observation','Phénomènes au moment de l\'observation 110','Tout phénomène atmosphérique ou météorologique noté au moment de l\'observation. '),(116,41,'fr','2017-10-11 22:00:00','2017-10-11 22:00:00','Météo depuis la dernière observation ','Météo depuis la dernière observation 120','Conditions météorologiques depuis la dernière observation. '),(117,42,'fr','2017-10-11 22:00:00','2017-10-11 22:00:00','Catégorie et heure de l\'aurore ','Catégorie et heure de l\'aurore ','Les aurores sont classées par catégories, ces dernières allant de I à IV (1 à 4).'),(118,43,'fr','2017-10-11 22:00:00','2017-10-11 22:00:00','Ozone','Ozone','Cette colonne est souvent vide, l\'ozone étant difficile à mesurer. '),(119,44,'fr','2017-10-11 22:00:00','2017-10-11 22:00:00','Remarques','Remarques','Tout commentaire ou remarque relatifs aux observations.'),(120,45,'fr','2017-10-11 22:00:00','2017-10-11 22:00:00','Initiales de l\'observateur ','Initiales de l\'observateur ','Premières initiales du nom de l\'observateur. '),(121,46,'fr','2017-10-11 22:00:00','2017-10-11 22:00:00','Heure de l\'aurore','Heure de l\'aurore ','Heure de l\'aurore.'),(122,47,'fr','2017-10-11 22:00:00','2017-10-11 22:00:00','Catégorie de l\'aurore','Catégorie de l\'aurore','Catégorie de l\'aurore selon son intensité (I à IV). '),(123,48,'fr','2017-10-11 22:00:00','2017-10-11 22:00:00','Milles mesurés par l\'anémomètre durant les 24 dernières heures ','Milles mesurés par l\'anémomètre durant les 24 dernières heures ','Distance parcourue par le vent durant les dernières 24 h, mesurée en milles.  '),(124,49,'fr','2017-10-11 22:00:00','2017-10-11 22:00:00','Qualité de transport','Qualité de transport de 1 à 3','Mesure la facilité de transport par cheval et traineau sur des routes enneigées (notée de 1 à 3). '),(125,50,'fr','2017-10-11 22:00:00','2017-10-11 22:00:00','Quantité totale de neige au sol','Quantité totale de neige au sol','Quantité totale de neige accumulée au sol. '),(126,51,'fr','2017-10-11 22:00:00','2017-10-11 22:00:00','Météo et phénomènes depuis la dernière observation ','Météo et phénomènes depuis la dernière observation. ','Météo et phénomènes qui se sont produits entre deux observations.  '),(127,52,'fr','2017-10-11 22:00:00','2017-10-11 22:00:00','Météo','Météo 120','Description de la météo à l\'aide de symboles. Pour de plus amples informations sur les symboles météorologiques, référez-vous à notre page « FAQ ». '),(128,53,'fr','2017-10-11 22:00:00','2017-10-11 22:00:00','Nuages de l\'étage inférieur ','Nuages de l\'étage inférieur 120 et ultérieurs','Abréviations des types de nuages et total en dixièmes (0 à 10). Certains nuages sont composés de plusieurs types. Sélectionnez tous les types qui sont notés. Par exemple, lorsque vous voyez « N S » inscrit dans le registre, sélectionnez « N », puis « S ». Pour de plus amples informations, référez-vous à notre page FAQ.'),(129,54,'fr','2017-10-11 22:00:00','2017-10-11 22:00:00','Nuages de l\'étage supérieur ','Nuages de l\'étage supérieur 120 et ultérieurs','Abréviations des types de nuages et total en dixièmes (0 à 10). Certains nuages sont composés de plusieurs types. Sélectionnez tous les types qui sont notés. Par exemple, lorsque vous voyez « N S » inscrit dans le registre, sélectionnez « N », puis « S ». Pour de plus amples informations, référez-vous à notre page FAQ.'),(130,56,'fr','2017-10-11 22:00:00','2017-10-11 22:00:00','Phénomènes au moment de l\'observation','Phénomènes au moment de l\'observation 120','Tout phénomène atmosphérique noté au moment de l\'observation météorologique. '),(131,57,'fr','2017-10-11 22:00:00','2017-10-11 22:00:00','Phénomènes et heure à laquelle ils se produisent ','Phénomènes et heure à laquelle ils se produisent 130','Phénomènes atmosphériques comme les arcs-en-ciel, les halos solaires ou lunaires et les aurores.'),(132,58,'fr','2017-10-11 22:00:00','2017-10-11 22:00:00','Humidité relative ','Humidité relative calculée à partir des thermomètres mouillé et sec ','L\'humidité relative est calculée à partir de la différence entre les températures des thermomètres mouillé et sec. '),(133,59,'fr','2017-10-11 22:00:00','2017-10-11 22:00:00','Humidité relative (hydrographe)','Humidité relative lue sur l\'hydrographe','Humidité de l\'air enregistrée par l\'hydrographe. '),(134,60,'fr','2017-10-11 22:00:00','2017-10-11 22:00:00','Hygromètre','Hygromètre','Humidité de l\'air enregistrée par l\'hydrographe. '),(135,61,'fr','2017-10-11 22:00:00','2017-10-11 22:00:00','Vent constant ou variable ','Description du vent','Description du vent : vent constant ou variable (soit rafales de vent ou vent intermittent) ?'),(136,62,'fr','2017-10-11 22:00:00','2017-10-11 22:00:00','Température minimale sur gazon','Rayonnement','Température minimale mesurée directement au sol. Cette mesure aide à évaluer le rayonnement de grandes longueurs d\'onde (l\'émission thermique au niveau de la Terre). '),(137,63,'fr','2017-10-11 22:00:00','2017-10-11 22:00:00','Température solaire ','Rayonnement mesuré par un thermomètre à boule noire 250','Température mesurée par un thermomètre recouvert d\'encre noire. Cette mesure permet d\'évaluer l\'importance du rayonnement solaire. Cette donnée se trouve dans la colonne « Humidité relative » en raison d\'une erreur typographique. '),(138,64,'fr','2017-10-11 22:00:00','2017-10-11 22:00:00','Thermomètre à boule noire','Rayonnement mesuré par un thermomètre à boule noire ','Température mesurée par un thermomètre recouvert d\'encre noire. Cette mesure permet d\'évaluer l\'importance du rayonnement solaire. '),(139,65,'fr','2017-10-11 22:00:00','2017-10-11 22:00:00','Heures d\'ensoleillement ','Total d\'heures d\'ensoleillement ','Le nombre total d\'heures de fort ensoleillement enregistré par un héliographe de Campbell-Stokes durant la journée. '),(140,66,'fr','2017-10-11 22:00:00','2017-10-11 22:00:00','Orage','Orage','Orages notés durant la journée. '),(141,67,'fr','2017-10-11 22:00:00','2017-10-11 22:00:00','Baromètre de l\'hôtel de ville (sous l\'en-tête « Lecture du cadran »)','Baromètre de l\'hôtel de ville','La hauteur barométrique provient de l\'observatoire de l\'hôtel de ville de Montréal. Notez que cette mesure se trouve dans la colonne « Anémomètre ».  '),(142,68,'fr','2017-10-11 22:00:00','2017-10-11 22:00:00','Thermomètre attaché au baromètre de l\'hôtel de ville (sous l\'en-tête « Milles depuis la dernière observation »)','Thermomètre attaché au baromètre de l\'hôtel de ville','Température mesurée par le thermomètre attaché au baromètre de l\'hôtel de ville. Notez que cette mesure ne correspond pas à l\'en-tête de la colonne. '),(143,69,'fr','2017-10-11 22:00:00','2017-10-11 22:00:00','Hauteur barométrique corrigée (baromètre de l\'hôtel de ville)','Hauteur barométrique corrigée (baromètre de l\'hôtel de ville)','Hauteur barométrique corrigée (baromètre de l\'hôtel de ville). Notez que cette mesure ne correspond pas à l\'en-tête de la colonne. '),(144,70,'fr','2017-10-11 22:00:00','2017-10-11 22:00:00','Durée de la pluie','Durée de la pluie 220','Quantité de temps durant laquelle il a plu. '),(145,71,'fr','2017-10-11 22:00:00','2017-10-11 22:00:00','Durée de la neige ','Durée de la neige 220','Quantité de temps durant laquelle il a neigé. '),(146,72,'fr','2017-10-11 22:00:00','2017-10-11 22:00:00','Pression de la vapeur (hygro)','Pression de la vapeur/ hygromètre 230','Les données notées dans la colonne proviennent d\'un hygromètre, instrument qui mesure l\'humidité de l\'air. Les données ne correspondent donc pas à l\'en-tête « Pression de la vapeur ». '),(147,73,'fr','2017-10-11 22:00:00','2017-10-11 22:00:00','Humidité relative (mouillé & sec)','Humidité relative (mouillé & sec) 230','Humidité relative mesurée par les thermomètres mouillé et sec. '),(148,74,'fr','2017-10-11 22:00:00','2017-10-11 22:00:00','Mesure d\'humidité supplémentaire','Mesure d\'humidité supplémentaire 220','Une deuxième mesure de l\'humidité relative est parfois notée à droite de la colonne « Humidité relative ». '),(149,75,'fr','2017-10-11 22:00:00','2017-10-11 22:00:00','Pression de la vapeur/ humidité (mouillé & sec)','Pression de la vapeur/ humidité (mouillé & sec) 240','Humidité relative mesurée par les thermomètres mouillé et sec. Notez que cette mesure ne correspond pas à l\'en-tête de la colonne. '),(150,76,'fr','2017-10-11 22:00:00','2017-10-11 22:00:00','Température minimale','Température minimale 250','La page 1 est dupliquée en raison d\'une erreur typographique. Par conséquent, les en-têtes des colonnes ne correspondent pas aux données observées. La température minimale se trouve dans la colonne « Température de l\'air ». '),(151,77,'fr','2017-10-11 22:00:00','2017-10-11 22:00:00','Température minimale corrigée','Température minimale corrigée 250','La page 1 est dupliquée en raison d\'une erreur typographique. Par conséquent, les en-têtes des colonnes ne correspondent pas aux données observées. La température minimale se trouve dans la colonne « Température de l\'air corrigée ». '),(152,78,'fr','2017-10-11 22:00:00','2017-10-11 22:00:00','Température maximale','Température maximale 250','La page 1 est dupliquée en raison d\'une erreur typographique. Par conséquent, les en-têtes des colonnes ne correspondent pas aux données observées. La température maximale se trouve dans la colonne « Thermomètre mouillé ».  '),(153,79,'fr','2017-10-11 22:00:00','2017-10-11 22:00:00','Température maximale corrigée','Température maximale 250','La page 1 est dupliquée en raison d\'une erreur typographique. Par conséquent, les en-têtes des colonnes ne correspondent pas aux données observées. La température maximale corrigée se trouve dans la colonne « Thermomètre mouillé corrigé ».  '),(154,80,'fr','2017-10-11 22:00:00','2017-10-11 22:00:00','Phénomènes au moment de l\'observation','Phénomènes au moment de l\'observation 250','La page 1 est dupliquée en raison d\'une erreur typographique. Les données qui correspondent à la colonne « Phénomènes au moment de l\'observation » se trouvent dans les colonnes liées à l\'humidité.  '),(155,81,'fr','2017-10-11 22:00:00','2017-10-11 22:00:00','Température minimale sur gazon','Température minimale sur gazon 250','La page 1 est dupliquée en raison d\'une erreur typographique. La température minimale sur gazon aide à évaluer le rayonnement de grandes longueurs d\'onde émis au niveau de la Terre.'),(156,82,'fr','2017-10-11 22:00:00','2017-10-11 22:00:00','Météo depuis la dernière observation ','Météo depuis la dernière observation 250','La page 1 est dupliquée en raison d\'une erreur typographique. Par conséquent, les en-têtes des colonnes ne correspondent pas aux données observées. Here, the weather since the last observation is recorded in the \"Weather\"\" column\"'),(157,83,'fr','2017-10-11 22:00:00','2017-10-11 22:00:00','Remarques','Remarques 250','La page 1 est dupliquée en raison d\'une erreur typographique. Les données qui correspondent à la colonne « Remarques » sont notées dans la deuxième moitié de la page 1. '),(158,84,'en','2018-01-15 01:48:48','2018-01-15 01:48:48','Transcriber Comments','Transcriber Comments','This field is for transcribers to enter in any comments, difficulties or unexpected material found anywhere along the row of observations for this observation time');
/*!40000 ALTER TABLE `field_translations` ENABLE KEYS */;
UNLOCK TABLES;

--
-- Table structure for table `fields`
--

DROP TABLE IF EXISTS `fields`;
/*!40101 SET @saved_cs_client     = @@character_set_client */;
/*!40101 SET character_set_client = utf8 */;
CREATE TABLE `fields` (
  `id` int(11) NOT NULL AUTO_INCREMENT,
  `field_key` varchar(255) DEFAULT NULL,
  `html_field_type` varchar(255) DEFAULT NULL,
  `data_type` varchar(255) DEFAULT NULL,
  `created_at` datetime DEFAULT NULL,
  `updated_at` datetime DEFAULT NULL,
  `multi_select` tinyint(1) DEFAULT '0',
  `internal_name` varchar(255) DEFAULT NULL,
  PRIMARY KEY (`id`)
) ENGINE=InnoDB AUTO_INCREMENT=85 DEFAULT CHARSET=utf8;
/*!40101 SET character_set_client = @saved_cs_client */;

--
-- Dumping data for table `fields`
--

LOCK TABLES `fields` WRITE;
/*!40000 ALTER TABLE `fields` DISABLE KEYS */;
INSERT INTO `fields` VALUES (4,'Barometer_Observed','text','string','2016-04-19 23:06:19','2017-10-14 17:28:53',0,NULL),(5,'Barometer_Attd_Ther','text','string','2016-04-19 23:07:13','2017-01-18 15:16:54',0,NULL),(6,'Barometer_Corrected_for_Instrumental_Error','text','string','2016-04-19 23:08:02','2017-01-18 15:03:31',0,NULL),(7,'Barometer_Reduced_to_Temp_32','text','string','2016-04-19 23:11:29','2017-01-18 15:17:24',0,NULL),(8,'Barometer_Reduced_to_Sea_Level','text','string','2016-04-19 23:12:15','2017-01-18 15:03:58',0,NULL),(9,'Temp_of_the_Air_Observed','text','string','2016-04-19 23:13:34','2017-01-18 15:17:42',0,NULL),(10,'Temp_of_the_Air_Corrected','text','string','2016-04-19 23:15:46','2017-01-18 15:04:40',0,NULL),(11,'Wet_Bulb_Observed','text','string','2016-04-19 23:16:33','2017-01-18 15:04:55',0,NULL),(12,'Wet_Bulb_Corrected','text','string','2016-04-19 23:17:03','2017-01-18 15:05:12',0,NULL),(13,'Diff_Dry_Wet_bulb','text','string','2016-04-19 23:17:32','2017-01-18 15:41:38',0,NULL),(14,'Pressure_Vapor','text','string','2016-04-19 23:17:57','2017-01-18 15:05:51',0,NULL),(15,'Relative_Humidity','text','string','2016-04-19 23:18:22','2017-01-18 15:41:52',0,NULL),(16,'Cloud_Type_Upper','text','string','2016-08-29 23:16:43','2017-03-07 17:04:56',1,NULL),(17,'Cloud_Direction_Upper','text','string','2016-08-29 23:18:20','2017-10-01 20:37:36',1,NULL),(18,'Weather','select','string','2016-08-30 00:34:04','2017-05-02 17:33:17',1,NULL),(19,'Wind_Direction','text','string','2016-09-02 15:27:08','2017-10-01 20:37:54',1,NULL),(20,'Wind_Velocity','text','string','2016-09-02 15:46:51','2017-01-18 15:44:53',0,NULL),(21,'Wind_S_or_G','text','string','2016-09-02 15:49:11','2017-01-18 15:45:13',0,NULL),(22,'Cloud_Type_Lower','text','string','2016-09-02 15:51:37','2017-03-07 17:08:00',1,NULL),(23,'Cloud_Direction_Lower','text','string','2016-09-02 15:52:49','2017-10-01 20:38:13',1,NULL),(24,'Cloud_Total_Tenths','text','string','2016-09-02 15:54:44','2017-01-18 15:46:31',0,NULL),(25,'Time_Rain_Began','text','string','2016-09-02 16:01:35','2017-01-18 15:46:53',0,NULL),(26,'Time_Rain_Ended','time','string','2016-09-02 16:02:24','2017-01-18 15:47:14',0,NULL),(27,'Rain_Depth_Inches','number','string','2016-09-02 16:06:49','2017-01-18 15:47:34',0,NULL),(28,'Time_Snow_Began','time','string','2016-09-02 16:07:26','2017-01-18 15:47:57',0,NULL),(29,'Time_Snow_Ended','time','string','2016-09-02 16:08:12','2017-01-18 15:48:14',0,NULL),(30,'Snow_Depth_Inches','text','string','2016-09-02 16:09:51','2017-01-18 15:48:32',0,NULL),(31,'Depth_Rain_Melted_Snow','number','string','2016-09-02 16:13:28','2017-01-18 15:49:19',0,NULL),(33,'Dewpoint','text','string','2016-10-25 19:33:01','2017-01-18 15:49:40',0,NULL),(34,'Anemometer_Dial_Reading',NULL,'string','2017-01-18 15:12:47','2017-04-25 23:46:16',0,NULL),(35,'Anemometer_Miles_Since_Last',NULL,'','2017-01-18 15:13:46','2017-01-18 15:50:18',0,NULL),(36,'Max_Thermometer_Obs',NULL,'','2017-01-18 15:16:25','2017-05-24 14:23:01',0,NULL),(37,'Max_Thermometer_Cor',NULL,'string','2017-01-18 15:19:13','2017-04-25 23:07:47',0,NULL),(38,'Min_Thermometer_Obs',NULL,'','2017-01-18 15:21:51','2017-01-18 15:51:13',0,NULL),(39,'Min_Thermometer_Cor',NULL,'','2017-01-18 15:26:15','2017-01-18 15:51:29',0,NULL),(40,'Phenomena_Observation',NULL,'','2017-01-18 15:31:31','2017-03-07 20:41:58',0,NULL),(41,'Weather_Since_Last_Obs',NULL,'','2017-01-18 15:35:20','2017-05-02 18:42:02',1,NULL),(42,'Aurora_Class_Time',NULL,'','2017-01-18 15:38:49','2017-01-18 15:52:05',0,NULL),(43,'Ozone',NULL,'','2017-01-18 15:39:18','2017-01-18 15:52:15',0,NULL),(44,'Remarks',NULL,'string','2017-01-18 15:40:22','2017-04-26 00:03:17',0,NULL),(45,'Observer_Initials',NULL,'','2017-01-18 15:41:15','2017-01-18 15:52:37',0,NULL),(46,'Aurora_Time',NULL,'','2017-01-18 15:53:52','2017-01-18 15:53:52',0,NULL),(47,'Aurora_Class',NULL,'','2017-01-18 15:54:38','2017-01-18 15:54:38',0,NULL),(48,'Anemometer_Miles_Last_24_Hours',NULL,'','2017-01-18 15:57:26','2017-01-18 15:57:26',0,NULL),(49,'Sleighing_Quality',NULL,'','2017-01-18 16:00:46','2017-01-18 16:00:46',0,NULL),(50,'Total_Snow_on_Ground',NULL,'','2017-01-18 16:01:57','2017-01-18 16:01:57',0,NULL),(51,'Weather_Phenomena_since_last_Observation',NULL,'','2017-01-18 16:03:27','2017-05-02 18:41:44',1,NULL),(52,'Weather',NULL,'','2017-02-14 00:27:34','2017-05-02 18:42:38',1,NULL),(53,'Cloud_Type_Lower',NULL,'string','2017-02-14 00:30:49','2017-10-01 20:49:36',1,NULL),(54,'Cloud_Type_Upper',NULL,'string','2017-02-14 00:33:18','2017-10-01 20:51:51',1,NULL),(56,'Phenomena at Observation',NULL,'','2017-03-07 21:06:42','2017-04-28 16:49:23',1,NULL),(57,'Phenomena and time of occurrence',NULL,'string','2017-04-25 14:58:54','2017-04-25 14:59:26',1,NULL),(58,'Relative Humidity from wet and dry',NULL,'string','2017-04-25 15:37:31','2017-04-25 15:37:31',0,NULL),(59,'Relative Humidity from Hydrograph',NULL,'string','2017-04-25 15:38:26','2017-04-25 15:38:26',0,NULL),(60,'Hygrometer',NULL,'','2017-04-25 15:39:17','2017-04-25 15:39:17',0,NULL),(61,'Wind Steady or Variable',NULL,'string','2017-04-25 15:41:17','2017-04-25 15:41:17',0,NULL),(62,'Grass minimum',NULL,'string','2017-04-25 15:44:37','2017-04-25 23:47:54',0,NULL),(63,'Radiation blackbulb thermometer',NULL,'string','2017-04-25 15:46:29','2017-05-02 21:41:22',0,NULL),(64,'Radiation blackbulb thermometer',NULL,'string','2017-04-25 15:46:32','2017-04-25 15:46:32',0,NULL),(65,'Total hours of bright sunshine',NULL,'string','2017-04-25 15:48:39','2017-04-25 15:48:39',0,NULL),(66,'Thunderstorm',NULL,'string','2017-04-25 15:51:48','2017-04-25 15:51:48',0,NULL),(67,'City Hall Barometer',NULL,'string','2017-05-02 20:18:47','2017-09-21 22:19:10',0,NULL),(68,'City Hall Attached Thermometer',NULL,'string','2017-05-02 20:20:01','2017-09-21 22:20:02',0,NULL),(69,'City Hall Corrected Barometer',NULL,'','2017-05-02 20:21:18','2017-05-02 20:21:18',0,NULL),(70,'Rain Duration',NULL,'string','2017-05-02 20:45:12','2017-05-02 20:46:19',0,NULL),(71,'Snow Duration',NULL,'string','2017-05-02 20:45:49','2017-05-02 20:46:03',0,NULL),(72,'hygrometer 230',NULL,'','2017-05-02 21:06:20','2017-05-02 21:06:20',0,NULL),(73,'Relative Humidity 230',NULL,'','2017-05-02 21:07:53','2017-05-02 21:07:53',0,NULL),(74,'Extra Humidity Reading 220',NULL,'','2017-05-02 21:12:37','2017-05-02 21:12:37',0,NULL),(75,'Relative Humidity Wet & Dry 240',NULL,'string','2017-05-02 21:21:52','2017-05-02 21:21:52',0,NULL),(76,'Minimum Temperature 250',NULL,'','2017-05-02 21:33:36','2017-05-02 21:33:36',0,NULL),(77,'Minimum Temperature Corrected 250',NULL,'','2017-05-02 21:34:23','2017-05-02 21:34:23',0,NULL),(78,'Maximum Temperature 250',NULL,'string','2017-05-02 21:35:35','2017-05-02 21:35:35',0,NULL),(79,'Maximum Temperature Corrected 250',NULL,'','2017-05-02 21:37:20','2017-05-02 21:37:20',0,NULL),(80,'Phenomena at Observation 250',NULL,'','2017-05-02 21:39:55','2017-05-02 22:06:16',1,NULL),(81,'Grass Minimum 250',NULL,'','2017-05-02 21:43:15','2017-05-02 21:43:15',0,NULL),(82,'Weather Since last Observation 250',NULL,'','2017-05-02 21:45:02','2017-05-02 22:12:12',1,NULL),(83,'Remarks 250',NULL,'string','2017-05-02 21:46:25','2017-05-02 21:46:25',0,NULL),(84,'Transcriber Comments',NULL,'string','2018-01-15 01:48:48','2018-01-15 01:48:48',0,NULL);
/*!40000 ALTER TABLE `fields` ENABLE KEYS */;
UNLOCK TABLES;

--
-- Table structure for table `ledgers`
--

DROP TABLE IF EXISTS `ledgers`;
/*!40101 SET @saved_cs_client     = @@character_set_client */;
/*!40101 SET character_set_client = utf8 */;
CREATE TABLE `ledgers` (
  `id` int(11) NOT NULL AUTO_INCREMENT,
  `title` varchar(255) DEFAULT NULL,
  `ledger_type` varchar(255) DEFAULT NULL,
  `created_at` datetime DEFAULT NULL,
  `updated_at` datetime DEFAULT NULL,
  PRIMARY KEY (`id`)
) ENGINE=InnoDB AUTO_INCREMENT=23 DEFAULT CHARSET=utf8;
/*!40101 SET character_set_client = @saved_cs_client */;

--
-- Dumping data for table `ledgers`
--

LOCK TABLES `ledgers` WRITE;
/*!40000 ALTER TABLE `ledgers` DISABLE KEYS */;
INSERT INTO `ledgers` VALUES (5,'120','120','2017-03-17 18:59:22','2017-03-17 18:59:22'),(6,'110','110','2017-03-22 16:53:08','2017-03-22 16:53:08'),(7,'110','110','2017-03-22 16:53:08','2017-03-22 16:53:08'),(8,'130','130','2017-03-22 16:53:36','2017-03-22 16:53:36'),(9,'300','300','2017-03-22 16:53:54','2017-03-22 16:53:54'),(10,'140','140','2017-04-27 17:33:17','2017-04-27 17:33:17'),(11,'140','140','2017-04-27 17:33:17','2017-04-27 17:33:17'),(12,'150','150','2017-04-27 17:33:42','2017-04-27 17:33:42'),(13,'210','210','2017-04-27 17:33:59','2017-04-27 17:33:59'),(14,'220','220','2017-04-27 17:34:24','2017-04-27 17:34:24'),(15,'220','220','2017-04-27 17:34:26','2017-04-27 17:34:26'),(16,'230','230','2017-04-27 17:34:33','2017-04-27 17:34:33'),(17,'230','230','2017-04-27 17:34:34','2017-04-27 17:34:34'),(18,'240','240','2017-04-27 17:34:51','2017-04-27 17:34:51'),(19,'240','240','2017-04-27 17:34:52','2017-04-27 17:34:52'),(20,'250','250','2017-04-27 17:35:09','2017-04-27 17:35:09'),(21,'250','250','2017-04-27 17:35:11','2017-04-27 17:35:11'),(22,'260','260','2017-04-27 17:35:20','2017-04-27 17:35:20');
/*!40000 ALTER TABLE `ledgers` ENABLE KEYS */;
UNLOCK TABLES;

--
-- Table structure for table `page_types`
--

DROP TABLE IF EXISTS `page_types`;
/*!40101 SET @saved_cs_client     = @@character_set_client */;
/*!40101 SET character_set_client = utf8 */;
CREATE TABLE `page_types` (
  `id` int(11) NOT NULL AUTO_INCREMENT,
  `title` varchar(255) DEFAULT NULL,
  `ledger_type` varchar(255) DEFAULT NULL,
  `number` int(11) DEFAULT NULL,
  `description` text,
  `ledger_id` int(11) DEFAULT NULL,
  `created_at` datetime DEFAULT NULL,
  `updated_at` datetime DEFAULT NULL,
  `visible` tinyint(1) DEFAULT '0',
  PRIMARY KEY (`id`)
) ENGINE=InnoDB AUTO_INCREMENT=31 DEFAULT CHARSET=utf8;
/*!40101 SET character_set_client = @saved_cs_client */;

--
-- Dumping data for table `page_types`
--

LOCK TABLES `page_types` WRITE;
/*!40000 ALTER TABLE `page_types` DISABLE KEYS */;
INSERT INTO `page_types` VALUES (7,'Register 120, page 1','120',1,'',5,'2017-03-17 18:59:22','2017-03-27 18:29:17',1),(8,'Register 120, page 2','120',2,'',5,'2017-03-17 19:00:18','2017-03-27 18:42:24',1),(9,'Register 110, page 1','110',1,'',6,'2017-03-22 16:53:08','2017-03-27 18:44:13',1),(10,'Register 110, page 2','110',2,'',7,'2017-03-22 16:53:08','2017-03-27 18:45:29',1),(11,'Register 130, page 1','130',1,'',8,'2017-03-22 16:53:36','2017-04-25 14:39:09',1),(12,'Register 130, page 2','130',2,'',8,'2017-03-22 16:53:37','2017-04-25 14:44:44',1),(13,'Register 300, page 1','300',1,'',9,'2017-03-22 16:53:54','2017-05-16 18:47:51',0),(14,'Register 300, page 2','300',2,'',9,'2017-03-22 16:53:55','2017-05-16 18:48:03',0),(15,'Register 140, page 1','140',1,'',10,'2017-04-27 17:33:17','2017-05-02 20:07:33',1),(16,'Register 140, page 2','140',2,'',11,'2017-04-27 17:33:17','2017-05-02 20:14:43',1),(17,'Register 150, page 2','150',2,'',12,'2017-04-27 17:33:42','2017-05-02 20:25:26',1),(18,'Register 150, page 1','150',1,'',12,'2017-04-27 17:33:48','2017-05-02 20:16:16',1),(19,'Register 210, page 1','210',1,'',13,'2017-04-27 17:33:59','2017-05-02 20:27:15',1),(20,'Register 210, page 2','210',2,'',13,'2017-04-27 17:34:00','2017-05-02 20:32:00',1),(21,'Register 220, page 1','220',1,'',14,'2017-04-27 17:34:24','2017-05-16 18:48:54',0),(22,'Register 220, page 2','220',2,'',15,'2017-04-27 17:34:26','2017-05-16 18:49:21',0),(23,'Register 230, page 1','230',1,'',16,'2017-04-27 17:34:33','2017-05-16 18:49:32',0),(24,'Register 230, page 2','230',2,'',17,'2017-04-27 17:34:34','2017-05-16 18:49:54',0),(25,'Register 240, page 1','240',1,'',18,'2017-04-27 17:34:51','2017-05-16 18:50:08',0),(26,'Register 240, page 2','240',2,'',19,'2017-04-27 17:34:52','2017-05-16 18:50:18',0),(27,'Register 250, page 2','250',2,'',20,'2017-04-27 17:35:09','2017-05-16 18:49:45',0),(28,'Register 250, page 1','250',1,'',21,'2017-04-27 17:35:11','2017-05-16 18:50:29',0),(29,'Register 260, page 2','260',2,'',22,'2017-04-27 17:35:20','2017-05-16 18:50:40',0),(30,'Register 260, page 1','260',1,'',22,'2017-04-27 17:35:25','2017-05-16 18:50:49',0);
/*!40000 ALTER TABLE `page_types` ENABLE KEYS */;
UNLOCK TABLES;

--
-- Table structure for table `page_types_field_groups`
--

DROP TABLE IF EXISTS `page_types_field_groups`;
/*!40101 SET @saved_cs_client     = @@character_set_client */;
/*!40101 SET character_set_client = utf8 */;
CREATE TABLE `page_types_field_groups` (
  `page_type_id` int(11) NOT NULL,
  `field_group_id` int(11) NOT NULL,
  `id` int(11) NOT NULL AUTO_INCREMENT,
  `sort_order` int(11) NOT NULL,
  PRIMARY KEY (`id`),
  KEY `index_page_types_field_groups_on_page_type_id` (`page_type_id`),
  KEY `index_page_types_field_groups_on_field_group_id` (`field_group_id`)
) ENGINE=InnoDB AUTO_INCREMENT=164 DEFAULT CHARSET=utf8;
/*!40101 SET character_set_client = @saved_cs_client */;

--
-- Dumping data for table `page_types_field_groups`
--

LOCK TABLES `page_types_field_groups` WRITE;
/*!40000 ALTER TABLE `page_types_field_groups` DISABLE KEYS */;
INSERT INTO `page_types_field_groups` VALUES (7,3,30,8381952),(7,4,31,8385229),(7,8,32,8386867),(7,28,33,8387686),(7,9,34,8388096),(8,15,35,8388301),(8,16,36,8388403),(8,26,37,8388454),(8,17,38,8388480),(8,27,39,8388493),(9,3,40,8388499),(9,4,41,8388502),(9,8,42,8388504),(9,7,43,8388505),(9,9,44,8388506),(10,15,45,8388507),(10,16,46,8388508),(10,20,47,8388509),(10,17,48,8388510),(10,27,49,8388511),(11,3,50,-3327),(11,8,52,8388514),(11,28,53,8388515),(11,9,54,8388516),(11,30,55,8382362),(12,15,56,8388518),(12,16,57,8388519),(12,31,59,8388520),(12,27,60,8388521),(15,3,61,-4195967),(15,8,63,4189313),(15,9,65,8388526),(15,28,66,8386048),(15,30,67,-2099647),(16,15,68,8388527),(16,16,69,8388528),(16,32,71,8388529),(16,27,72,8388530),(18,3,73,8388531),(18,30,74,8388532),(18,8,75,8388533),(18,28,76,8388534),(18,9,77,8388535),(17,33,78,8388536),(17,16,79,8388537),(17,32,80,8388538),(17,27,81,8388539),(19,3,82,8388540),(19,4,83,8388541),(19,8,84,8388542),(19,28,85,8388543),(19,9,86,8388544),(19,34,88,8384410),(20,15,89,8388545),(20,16,90,8388546),(20,35,91,8388547),(20,27,92,8388548),(21,3,93,8388549),(21,34,95,8388551),(21,8,96,8388552),(21,28,97,8388553),(21,37,98,8388554),(22,15,99,8388555),(22,16,100,8388556),(22,35,101,8388557),(22,27,103,8388558),(23,3,104,8388559),(23,38,106,8388560),(23,34,107,8388561),(23,8,108,8388562),(23,7,109,8388563),(23,37,110,8388564),(21,39,111,8382772),(24,15,112,8388565),(24,16,113,8388566),(24,35,114,8388567),(24,27,115,8388568),(25,3,116,8388569),(25,40,117,8388570),(25,34,118,8388571),(25,37,119,8388572),(26,15,120,8388573),(26,16,121,8388574),(26,35,122,8388575),(26,27,123,8388576),(28,3,124,8388577),(28,4,126,8388578),(28,34,129,8388579),(28,8,130,8388580),(28,28,132,8388581),(28,37,133,8388582),(27,41,134,8388583),(27,42,135,8388584),(27,43,136,8388585),(29,16,138,8388586),(29,42,139,8388587),(29,44,144,8388589),(29,27,145,8388590),(30,3,146,8388591),(30,4,147,8388592),(30,28,148,8388593),(30,8,149,8383182),(30,37,150,8388594),(7,45,151,8388595),(8,45,152,8388596),(12,45,153,8388597),(11,45,154,8388598),(15,45,155,8388599),(16,45,156,8388600),(17,45,157,8388601),(18,45,158,8388602),(23,45,159,8388603),(25,45,160,8388604),(26,45,161,8388605),(27,45,162,8388606),(30,45,163,8388607);
/*!40000 ALTER TABLE `page_types_field_groups` ENABLE KEYS */;
UNLOCK TABLES;
